"TokenID","Error"
"3","All RPC endpoints failed: https://ethereum.publicnode.com: execution reverted: ERC721Metadata: URI query for nonexistent token | https://eth.llamarpc.com: The remote server returned an error: (503) Server Unavailable. | https://cloudflare-eth.com: Internal error"
"9","All RPC endpoints failed: https://ethereum.publicnode.com: execution reverted: ERC721Metadata: URI query for nonexistent token | https://eth.llamarpc.com: The remote server returned an error: (503) Server Unavailable. | https://cloudflare-eth.com: Internal error"
"12","All RPC endpoints failed: https://ethereum.publicnode.com: execution reverted: ERC721Metadata: URI query for nonexistent token | https://eth.llamarpc.com: The remote server returned an error: (503) Server Unavailable. | https://cloudflare-eth.com: Internal error"
"23","All RPC endpoints failed: https://ethereum.publicnode.com: execution reverted: ERC721Metadata: URI query for nonexistent token | https://eth.llamarpc.com: The remote server returned an error: (503) Server Unavailable. | https://cloudflare-eth.com: Internal error"
"25","All RPC endpoints failed: https://ethereum.publicnode.com: execution reverted: ERC721Metadata: URI query for nonexistent token | https://eth.llamarpc.com: The remote server returned an error: (503) Server Unavailable. | https://cloudflare-eth.com: Internal error"
"35","All RPC endpoints failed: https://ethereum.publicnode.com: execution reverted: ERC721Metadata: URI query for nonexistent token | https://eth.llamarpc.com: The remote server returned an error: (503) Server Unavailable. | https://cloudflare-eth.com: Internal error"
"36","All RPC endpoints failed: https://ethereum.publicnode.com: execution reverted: ERC721Metadata: URI query for nonexistent token | https://eth.llamarpc.com: The remote server returned an error: (503) Server Unavailable. | https://cloudflare-eth.com: Internal error"
"37","All RPC endpoints failed: https://ethereum.publicnode.com: execution reverted: ERC721Metadata: URI query for nonexistent token | https://eth.llamarpc.com: The remote server returned an error: (503) Server Unavailable. | https://cloudflare-eth.com: Internal error"
"41","All RPC endpoints failed: https://ethereum.publicnode.com: execution reverted: ERC721Metadata: URI query for nonexistent token | https://eth.llamarpc.com: The remote server returned an error: (503) Server Unavailable. | https://cloudflare-eth.com: Internal error"
"52","All RPC endpoints failed: https://ethereum.publicnode.com: execution reverted: ERC721Metadata: URI query for nonexistent token | https://eth.llamarpc.com: The remote server returned an error: (503) Server Unavailable. | https://cloudflare-eth.com: Internal error"
"55","All RPC endpoints failed: https://ethereum.publicnode.com: execution reverted: ERC721Metadata: URI query for nonexistent token | https://eth.llamarpc.com: The remote server returned an error: (503) Server Unavailable. | https://cloudflare-eth.com: Internal error"
"61","All RPC endpoints failed: https://ethereum.publicnode.com: execution reverted: ERC721Metadata: URI query for nonexistent token | https://eth.llamarpc.com: The remote server returned an error: (503) Server Unavailable. | https://cloudflare-eth.com: Internal error"
"65","All RPC endpoints failed: https://ethereum.publicnode.com: execution reverted: ERC721Metadata: URI query for nonexistent token | https://eth.llamarpc.com: The remote server returned an error: (503) Server Unavailable. | https://cloudflare-eth.com: Internal error"
"71","All RPC endpoints failed: https://ethereum.publicnode.com: execution reverted: ERC721Metadata: URI query for nonexistent token | https://eth.llamarpc.com: The remote server returned an error: (503) Server Unavailable. | https://cloudflare-eth.com: Internal error"
"72","All RPC endpoints failed: https://ethereum.publicnode.com: execution reverted: ERC721Metadata: URI query for nonexistent token | https://eth.llamarpc.com: The remote server returned an error: (503) Server Unavailable. | https://cloudflare-eth.com: Internal error"
"86","All RPC endpoints failed: https://ethereum.publicnode.com: execution reverted: ERC721Metadata: URI query for nonexistent token | https://eth.llamarpc.com: The remote server returned an error: (503) Server Unavailable. | https://cloudflare-eth.com: Internal error"
"107","All RPC endpoints failed: https://ethereum.publicnode.com: execution reverted: ERC721Metadata: URI query for nonexistent token | https://eth.llamarpc.com: The remote server returned an error: (503) Server Unavailable. | https://cloudflare-eth.com: Internal error"
"108","All RPC endpoints failed: https://ethereum.publicnode.com: execution reverted: ERC721Metadata: URI query for nonexistent token | https://eth.llamarpc.com: The remote server returned an error: (503) Server Unavailable. | https://cloudflare-eth.com: Internal error"
"113","All RPC endpoints failed: https://ethereum.publicnode.com: execution reverted: ERC721Metadata: URI query for nonexistent token | https://eth.llamarpc.com: The remote server returned an error: (503) Server Unavailable. | https://cloudflare-eth.com: Internal error"
"117","All RPC endpoints failed: https://ethereum.publicnode.com: execution reverted: ERC721Metadata: URI query for nonexistent token | https://eth.llamarpc.com: The remote server returned an error: (503) Server Unavailable. | https://cloudflare-eth.com: Internal error"
"127","All RPC endpoints failed: https://ethereum.publicnode.com: execution reverted: ERC721Metadata: URI query for nonexistent token | https://eth.llamarpc.com: The remote server returned an error: (503) Server Unavailable. | https://cloudflare-eth.com: Internal error"
"137","All RPC endpoints failed: https://ethereum.publicnode.com: execution reverted: ERC721Metadata: URI query for nonexistent token | https://eth.llamarpc.com: The remote server returned an error: (503) Server Unavailable. | https://cloudflare-eth.com: Internal error"
"139","All RPC endpoints failed: https://ethereum.publicnode.com: execution reverted: ERC721Metadata: URI query for nonexistent token | https://eth.llamarpc.com: The remote server returned an error: (503) Server Unavailable. | https://cloudflare-eth.com: Internal error"
"140","All RPC endpoints failed: https://ethereum.publicnode.com: execution reverted: ERC721Metadata: URI query for nonexistent token | https://eth.llamarpc.com: The remote server returned an error: (503) Server Unavailable. | https://cloudflare-eth.com: Internal error"
"143","All RPC endpoints failed: https://ethereum.publicnode.com: execution reverted: ERC721Metadata: URI query for nonexistent token | https://eth.llamarpc.com: The remote server returned an error: (503) Server Unavailable. | https://cloudflare-eth.com: Internal error"
"144","All RPC endpoints failed: https://ethereum.publicnode.com: execution reverted: ERC721Metadata: URI query for nonexistent token | https://eth.llamarpc.com: The remote server returned an error: (503) Server Unavailable. | https://cloudflare-eth.com: Internal error"
"151","All RPC endpoints failed: https://ethereum.publicnode.com: execution reverted: ERC721Metadata: URI query for nonexistent token | https://eth.llamarpc.com: The remote server returned an error: (503) Server Unavailable. | https://cloudflare-eth.com: Internal error"
"152","All RPC endpoints failed: https://ethereum.publicnode.com: execution reverted: ERC721Metadata: URI query for nonexistent token | https://eth.llamarpc.com: The remote server returned an error: (503) Server Unavailable. | https://cloudflare-eth.com: Internal error"
"165","All RPC endpoints failed: https://ethereum.publicnode.com: execution reverted: ERC721Metadata: URI query for nonexistent token | https://eth.llamarpc.com: The remote server returned an error: (503) Server Unavailable. | https://cloudflare-eth.com: Internal error"
"168","All RPC endpoints failed: https://ethereum.publicnode.com: execution reverted: ERC721Metadata: URI query for nonexistent token | https://eth.llamarpc.com: The remote server returned an error: (503) Server Unavailable. | https://cloudflare-eth.com: Internal error"
"169","All RPC endpoints failed: https://ethereum.publicnode.com: execution reverted: ERC721Metadata: URI query for nonexistent token | https://eth.llamarpc.com: The remote server returned an error: (503) Server Unavailable. | https://cloudflare-eth.com: Internal error"
"172","All RPC endpoints failed: https://ethereum.publicnode.com: execution reverted: ERC721Metadata: URI query for nonexistent token | https://eth.llamarpc.com: The remote server returned an error: (503) Server Unavailable. | https://cloudflare-eth.com: Internal error"
"173","All RPC endpoints failed: https://ethereum.publicnode.com: execution reverted: ERC721Metadata: URI query for nonexistent token | https://eth.llamarpc.com: The remote server returned an error: (503) Server Unavailable. | https://cloudflare-eth.com: Internal error"
"187","All RPC endpoints failed: https://ethereum.publicnode.com: execution reverted: ERC721Metadata: URI query for nonexistent token | https://eth.llamarpc.com: The remote server returned an error: (503) Server Unavailable. | https://cloudflare-eth.com: Internal error"
"188","All RPC endpoints failed: https://ethereum.publicnode.com: execution reverted: ERC721Metadata: URI query for nonexistent token | https://eth.llamarpc.com: The remote server returned an error: (503) Server Unavailable. | https://cloudflare-eth.com: Internal error"
"190","All RPC endpoints failed: https://ethereum.publicnode.com: execution reverted: ERC721Metadata: URI query for nonexistent token | https://eth.llamarpc.com: The remote server returned an error: (503) Server Unavailable. | https://cloudflare-eth.com: Internal error"
"192","All RPC endpoints failed: https://ethereum.publicnode.com: execution reverted: ERC721Metadata: URI query for nonexistent token | https://eth.llamarpc.com: The remote server returned an error: (503) Server Unavailable. | https://cloudflare-eth.com: Internal error"
"193","All RPC endpoints failed: https://ethereum.publicnode.com: execution reverted: ERC721Metadata: URI query for nonexistent token | https://eth.llamarpc.com: The remote server returned an error: (503) Server Unavailable. | https://cloudflare-eth.com: Internal error"
"196","All RPC endpoints failed: https://ethereum.publicnode.com: execution reverted: ERC721Metadata: URI query for nonexistent token | https://eth.llamarpc.com: The remote server returned an error: (503) Server Unavailable. | https://cloudflare-eth.com: Internal error"
"203","All RPC endpoints failed: https://ethereum.publicnode.com: execution reverted: ERC721Metadata: URI query for nonexistent token | https://eth.llamarpc.com: The remote server returned an error: (503) Server Unavailable. | https://cloudflare-eth.com: Internal error"
"207","All RPC endpoints failed: https://ethereum.publicnode.com: execution reverted: ERC721Metadata: URI query for nonexistent token | https://eth.llamarpc.com: The remote server returned an error: (503) Server Unavailable. | https://cloudflare-eth.com: Internal error"
"209","All RPC endpoints failed: https://ethereum.publicnode.com: execution reverted: ERC721Metadata: URI query for nonexistent token | https://eth.llamarpc.com: The remote server returned an error: (503) Server Unavailable. | https://cloudflare-eth.com: Internal error"
"215","All RPC endpoints failed: https://ethereum.publicnode.com: execution reverted: ERC721Metadata: URI query for nonexistent token | https://eth.llamarpc.com: The remote server returned an error: (503) Server Unavailable. | https://cloudflare-eth.com: Internal error"
"228","All RPC endpoints failed: https://ethereum.publicnode.com: execution reverted: ERC721Metadata: URI query for nonexistent token | https://eth.llamarpc.com: The remote server returned an error: (503) Server Unavailable. | https://cloudflare-eth.com: Internal error"
"239","All RPC endpoints failed: https://ethereum.publicnode.com: execution reverted: ERC721Metadata: URI query for nonexistent token | https://eth.llamarpc.com: The remote server returned an error: (503) Server Unavailable. | https://cloudflare-eth.com: Internal error"
"248","All RPC endpoints failed: https://ethereum.publicnode.com: execution reverted: ERC721Metadata: URI query for nonexistent token | https://eth.llamarpc.com: The remote server returned an error: (503) Server Unavailable. | https://cloudflare-eth.com: Internal error"
"257","All RPC endpoints failed: https://ethereum.publicnode.com: execution reverted: ERC721Metadata: URI query for nonexistent token | https://eth.llamarpc.com: The remote server returned an error: (503) Server Unavailable. | https://cloudflare-eth.com: Internal error"
"258","All RPC endpoints failed: https://ethereum.publicnode.com: execution reverted: ERC721Metadata: URI query for nonexistent token | https://eth.llamarpc.com: The remote server returned an error: (503) Server Unavailable. | https://cloudflare-eth.com: Internal error"
"259","All RPC endpoints failed: https://ethereum.publicnode.com: execution reverted: ERC721Metadata: URI query for nonexistent token | https://eth.llamarpc.com: The remote server returned an error: (503) Server Unavailable. | https://cloudflare-eth.com: Internal error"
"265","All RPC endpoints failed: https://ethereum.publicnode.com: execution reverted: ERC721Metadata: URI query for nonexistent token | https://eth.llamarpc.com: The remote server returned an error: (503) Server Unavailable. | https://cloudflare-eth.com: Internal error"
"266","All RPC endpoints failed: https://ethereum.publicnode.com: execution reverted: ERC721Metadata: URI query for nonexistent token | https://eth.llamarpc.com: The remote server returned an error: (503) Server Unavailable. | https://cloudflare-eth.com: Internal error"
"269","All RPC endpoints failed: https://ethereum.publicnode.com: execution reverted: ERC721Metadata: URI query for nonexistent token | https://eth.llamarpc.com: The remote server returned an error: (503) Server Unavailable. | https://cloudflare-eth.com: Internal error"
"270","All RPC endpoints failed: https://ethereum.publicnode.com: execution reverted: ERC721Metadata: URI query for nonexistent token | https://eth.llamarpc.com: The remote server returned an error: (503) Server Unavailable. | https://cloudflare-eth.com: Internal error"
"271","All RPC endpoints failed: https://ethereum.publicnode.com: execution reverted: ERC721Metadata: URI query for nonexistent token | https://eth.llamarpc.com: The remote server returned an error: (503) Server Unavailable. | https://cloudflare-eth.com: Internal error"
"272","All RPC endpoints failed: https://ethereum.publicnode.com: execution reverted: ERC721Metadata: URI query for nonexistent token | https://eth.llamarpc.com: The remote server returned an error: (503) Server Unavailable. | https://cloudflare-eth.com: Internal error"
"273","All RPC endpoints failed: https://ethereum.publicnode.com: execution reverted: ERC721Metadata: URI query for nonexistent token | https://eth.llamarpc.com: The remote server returned an error: (503) Server Unavailable. | https://cloudflare-eth.com: Internal error"
"275","All RPC endpoints failed: https://ethereum.publicnode.com: execution reverted: ERC721Metadata: URI query for nonexistent token | https://eth.llamarpc.com: The remote server returned an error: (503) Server Unavailable. | https://cloudflare-eth.com: Internal error"
"283","All RPC endpoints failed: https://ethereum.publicnode.com: execution reverted: ERC721Metadata: URI query for nonexistent token | https://eth.llamarpc.com: The remote server returned an error: (503) Server Unavailable. | https://cloudflare-eth.com: Internal error"
"284","All RPC endpoints failed: https://ethereum.publicnode.com: execution reverted: ERC721Metadata: URI query for nonexistent token | https://eth.llamarpc.com: The remote server returned an error: (503) Server Unavailable. | https://cloudflare-eth.com: Internal error"
"286","All RPC endpoints failed: https://ethereum.publicnode.com: execution reverted: ERC721Metadata: URI query for nonexistent token | https://eth.llamarpc.com: The remote server returned an error: (503) Server Unavailable. | https://cloudflare-eth.com: Internal error"
"287","All RPC endpoints failed: https://ethereum.publicnode.com: execution reverted: ERC721Metadata: URI query for nonexistent token | https://eth.llamarpc.com: The remote server returned an error: (503) Server Unavailable. | https://cloudflare-eth.com: Internal error"
"288","All RPC endpoints failed: https://ethereum.publicnode.com: execution reverted: ERC721Metadata: URI query for nonexistent token | https://eth.llamarpc.com: The remote server returned an error: (503) Server Unavailable. | https://cloudflare-eth.com: Internal error"
"290","All RPC endpoints failed: https://ethereum.publicnode.com: execution reverted: ERC721Metadata: URI query for nonexistent token | https://eth.llamarpc.com: The remote server returned an error: (503) Server Unavailable. | https://cloudflare-eth.com: Internal error"
"291","All RPC endpoints failed: https://ethereum.publicnode.com: execution reverted: ERC721Metadata: URI query for nonexistent token | https://eth.llamarpc.com: The remote server returned an error: (503) Server Unavailable. | https://cloudflare-eth.com: Internal error"
"293","All RPC endpoints failed: https://ethereum.publicnode.com: execution reverted: ERC721Metadata: URI query for nonexistent token | https://eth.llamarpc.com: The remote server returned an error: (503) Server Unavailable. | https://cloudflare-eth.com: Internal error"
"295","All RPC endpoints failed: https://ethereum.publicnode.com: execution reverted: ERC721Metadata: URI query for nonexistent token | https://eth.llamarpc.com: The remote server returned an error: (503) Server Unavailable. | https://cloudflare-eth.com: Internal error"
"301","All RPC endpoints failed: https://ethereum.publicnode.com: execution reverted: ERC721Metadata: URI query for nonexistent token | https://eth.llamarpc.com: The remote server returned an error: (503) Server Unavailable. | https://cloudflare-eth.com: Internal error"
"302","All RPC endpoints failed: https://ethereum.publicnode.com: execution reverted: ERC721Metadata: URI query for nonexistent token | https://eth.llamarpc.com: The remote server returned an error: (503) Server Unavailable. | https://cloudflare-eth.com: Internal error"
"304","All RPC endpoints failed: https://ethereum.publicnode.com: execution reverted: ERC721Metadata: URI query for nonexistent token | https://eth.llamarpc.com: The remote server returned an error: (503) Server Unavailable. | https://cloudflare-eth.com: Internal error"
"317","All RPC endpoints failed: https://ethereum.publicnode.com: execution reverted: ERC721Metadata: URI query for nonexistent token | https://eth.llamarpc.com: The remote server returned an error: (503) Server Unavailable. | https://cloudflare-eth.com: Internal error"
"323","All RPC endpoints failed: https://ethereum.publicnode.com: execution reverted: ERC721Metadata: URI query for nonexistent token | https://eth.llamarpc.com: The remote server returned an error: (503) Server Unavailable. | https://cloudflare-eth.com: Internal error"
"326","All RPC endpoints failed: https://ethereum.publicnode.com: execution reverted: ERC721Metadata: URI query for nonexistent token | https://eth.llamarpc.com: The remote server returned an error: (503) Server Unavailable. | https://cloudflare-eth.com: Internal error"
"327","All RPC endpoints failed: https://ethereum.publicnode.com: execution reverted: ERC721Metadata: URI query for nonexistent token | https://eth.llamarpc.com: The remote server returned an error: (503) Server Unavailable. | https://cloudflare-eth.com: Internal error"
"330","All RPC endpoints failed: https://ethereum.publicnode.com: execution reverted: ERC721Metadata: URI query for nonexistent token | https://eth.llamarpc.com: The remote server returned an error: (503) Server Unavailable. | https://cloudflare-eth.com: Internal error"
"348","All RPC endpoints failed: https://ethereum.publicnode.com: execution reverted: ERC721Metadata: URI query for nonexistent token | https://eth.llamarpc.com: The remote server returned an error: (503) Server Unavailable. | https://cloudflare-eth.com: Internal error"
"356","All RPC endpoints failed: https://ethereum.publicnode.com: execution reverted: ERC721Metadata: URI query for nonexistent token | https://eth.llamarpc.com: The remote server returned an error: (503) Server Unavailable. | https://cloudflare-eth.com: Internal error"
"360","All RPC endpoints failed: https://ethereum.publicnode.com: execution reverted: ERC721Metadata: URI query for nonexistent token | https://eth.llamarpc.com: The remote server returned an error: (503) Server Unavailable. | https://cloudflare-eth.com: Internal error"
"368","All RPC endpoints failed: https://ethereum.publicnode.com: execution reverted: ERC721Metadata: URI query for nonexistent token | https://eth.llamarpc.com: The remote server returned an error: (503) Server Unavailable. | https://cloudflare-eth.com: Internal error"
"369","All RPC endpoints failed: https://ethereum.publicnode.com: execution reverted: ERC721Metadata: URI query for nonexistent token | https://eth.llamarpc.com: The remote server returned an error: (503) Server Unavailable. | https://cloudflare-eth.com: Internal error"
"370","All RPC endpoints failed: https://ethereum.publicnode.com: execution reverted: ERC721Metadata: URI query for nonexistent token | https://eth.llamarpc.com: The remote server returned an error: (503) Server Unavailable. | https://cloudflare-eth.com: Internal error"
"371","All RPC endpoints failed: https://ethereum.publicnode.com: execution reverted: ERC721Metadata: URI query for nonexistent token | https://eth.llamarpc.com: The remote server returned an error: (503) Server Unavailable. | https://cloudflare-eth.com: Internal error"
"374","All RPC endpoints failed: https://ethereum.publicnode.com: execution reverted: ERC721Metadata: URI query for nonexistent token | https://eth.llamarpc.com: The remote server returned an error: (503) Server Unavailable. | https://cloudflare-eth.com: Internal error"
"375","All RPC endpoints failed: https://ethereum.publicnode.com: execution reverted: ERC721Metadata: URI query for nonexistent token | https://eth.llamarpc.com: The remote server returned an error: (503) Server Unavailable. | https://cloudflare-eth.com: Internal error"
"378","All RPC endpoints failed: https://ethereum.publicnode.com: execution reverted: ERC721Metadata: URI query for nonexistent token | https://eth.llamarpc.com: The remote server returned an error: (503) Server Unavailable. | https://cloudflare-eth.com: Internal error"
"383","All RPC endpoints failed: https://ethereum.publicnode.com: execution reverted: ERC721Metadata: URI query for nonexistent token | https://eth.llamarpc.com: The remote server returned an error: (503) Server Unavailable. | https://cloudflare-eth.com: Internal error"
"392","All RPC endpoints failed: https://ethereum.publicnode.com: execution reverted: ERC721Metadata: URI query for nonexistent token | https://eth.llamarpc.com: The remote server returned an error: (503) Server Unavailable. | https://cloudflare-eth.com: Internal error"
"396","All RPC endpoints failed: https://ethereum.publicnode.com: execution reverted: ERC721Metadata: URI query for nonexistent token | https://eth.llamarpc.com: The remote server returned an error: (503) Server Unavailable. | https://cloudflare-eth.com: Internal error"
"400","All RPC endpoints failed: https://ethereum.publicnode.com: execution reverted: ERC721Metadata: URI query for nonexistent token | https://eth.llamarpc.com: The remote server returned an error: (503) Server Unavailable. | https://cloudflare-eth.com: Internal error"
"402","All RPC endpoints failed: https://ethereum.publicnode.com: execution reverted: ERC721Metadata: URI query for nonexistent token | https://eth.llamarpc.com: The remote server returned an error: (503) Server Unavailable. | https://cloudflare-eth.com: Internal error"
"412","All RPC endpoints failed: https://ethereum.publicnode.com: execution reverted: ERC721Metadata: URI query for nonexistent token | https://eth.llamarpc.com: The remote server returned an error: (503) Server Unavailable. | https://cloudflare-eth.com: Internal error"
"415","All RPC endpoints failed: https://ethereum.publicnode.com: execution reverted: ERC721Metadata: URI query for nonexistent token | https://eth.llamarpc.com: The remote server returned an error: (503) Server Unavailable. | https://cloudflare-eth.com: Internal error"
"417","All RPC endpoints failed: https://ethereum.publicnode.com: execution reverted: ERC721Metadata: URI query for nonexistent token | https://eth.llamarpc.com: The remote server returned an error: (503) Server Unavailable. | https://cloudflare-eth.com: Internal error"
"420","All RPC endpoints failed: https://ethereum.publicnode.com: execution reverted: ERC721Metadata: URI query for nonexistent token | https://eth.llamarpc.com: The remote server returned an error: (503) Server Unavailable. | https://cloudflare-eth.com: Internal error"
"426","All RPC endpoints failed: https://ethereum.publicnode.com: execution reverted: ERC721Metadata: URI query for nonexistent token | https://eth.llamarpc.com: The remote server returned an error: (503) Server Unavailable. | https://cloudflare-eth.com: Internal error"
"428","All RPC endpoints failed: https://ethereum.publicnode.com: execution reverted: ERC721Metadata: URI query for nonexistent token | https://eth.llamarpc.com: The remote server returned an error: (503) Server Unavailable. | https://cloudflare-eth.com: Internal error"
"435","All RPC endpoints failed: https://ethereum.publicnode.com: execution reverted: ERC721Metadata: URI query for nonexistent token | https://eth.llamarpc.com: The remote server returned an error: (503) Server Unavailable. | https://cloudflare-eth.com: Internal error"
"438","All RPC endpoints failed: https://ethereum.publicnode.com: execution reverted: ERC721Metadata: URI query for nonexistent token | https://eth.llamarpc.com: The remote server returned an error: (503) Server Unavailable. | https://cloudflare-eth.com: Internal error"
"440","All RPC endpoints failed: https://ethereum.publicnode.com: execution reverted: ERC721Metadata: URI query for nonexistent token | https://eth.llamarpc.com: The remote server returned an error: (503) Server Unavailable. | https://cloudflare-eth.com: Internal error"
"446","All RPC endpoints failed: https://ethereum.publicnode.com: execution reverted: ERC721Metadata: URI query for nonexistent token | https://eth.llamarpc.com: The remote server returned an error: (503) Server Unavailable. | https://cloudflare-eth.com: Internal error"
"452","All RPC endpoints failed: https://ethereum.publicnode.com: execution reverted: ERC721Metadata: URI query for nonexistent token | https://eth.llamarpc.com: The remote server returned an error: (503) Server Unavailable. | https://cloudflare-eth.com: Internal error"
"453","All RPC endpoints failed: https://ethereum.publicnode.com: execution reverted: ERC721Metadata: URI query for nonexistent token | https://eth.llamarpc.com: The remote server returned an error: (503) Server Unavailable. | https://cloudflare-eth.com: Internal error"
"454","All RPC endpoints failed: https://ethereum.publicnode.com: execution reverted: ERC721Metadata: URI query for nonexistent token | https://eth.llamarpc.com: The remote server returned an error: (503) Server Unavailable. | https://cloudflare-eth.com: Internal error"
"460","All RPC endpoints failed: https://ethereum.publicnode.com: execution reverted: ERC721Metadata: URI query for nonexistent token | https://eth.llamarpc.com: The remote server returned an error: (503) Server Unavailable. | https://cloudflare-eth.com: Internal error"
"469","All RPC endpoints failed: https://ethereum.publicnode.com: execution reverted: ERC721Metadata: URI query for nonexistent token | https://eth.llamarpc.com: The remote server returned an error: (503) Server Unavailable. | https://cloudflare-eth.com: Internal error"
"472","All RPC endpoints failed: https://ethereum.publicnode.com: execution reverted: ERC721Metadata: URI query for nonexistent token | https://eth.llamarpc.com: The remote server returned an error: (503) Server Unavailable. | https://cloudflare-eth.com: Internal error"
"473","All RPC endpoints failed: https://ethereum.publicnode.com: execution reverted: ERC721Metadata: URI query for nonexistent token | https://eth.llamarpc.com: The remote server returned an error: (503) Server Unavailable. | https://cloudflare-eth.com: Internal error"
"474","All RPC endpoints failed: https://ethereum.publicnode.com: execution reverted: ERC721Metadata: URI query for nonexistent token | https://eth.llamarpc.com: The remote server returned an error: (503) Server Unavailable. | https://cloudflare-eth.com: Internal error"
"475","All RPC endpoints failed: https://ethereum.publicnode.com: execution reverted: ERC721Metadata: URI query for nonexistent token | https://eth.llamarpc.com: The remote server returned an error: (503) Server Unavailable. | https://cloudflare-eth.com: Internal error"
"479","All RPC endpoints failed: https://ethereum.publicnode.com: execution reverted: ERC721Metadata: URI query for nonexistent token | https://eth.llamarpc.com: The remote server returned an error: (503) Server Unavailable. | https://cloudflare-eth.com: Internal error"
"488","All RPC endpoints failed: https://ethereum.publicnode.com: execution reverted: ERC721Metadata: URI query for nonexistent token | https://eth.llamarpc.com: The remote server returned an error: (503) Server Unavailable. | https://cloudflare-eth.com: Internal error"
"489","All RPC endpoints failed: https://ethereum.publicnode.com: execution reverted: ERC721Metadata: URI query for nonexistent token | https://eth.llamarpc.com: The remote server returned an error: (503) Server Unavailable. | https://cloudflare-eth.com: Internal error"
"492","All RPC endpoints failed: https://ethereum.publicnode.com: execution reverted: ERC721Metadata: URI query for nonexistent token | https://eth.llamarpc.com: The remote server returned an error: (503) Server Unavailable. | https://cloudflare-eth.com: Internal error"
"503","All RPC endpoints failed: https://ethereum.publicnode.com: execution reverted: ERC721Metadata: URI query for nonexistent token | https://eth.llamarpc.com: The remote server returned an error: (503) Server Unavailable. | https://cloudflare-eth.com: Internal error"
"507","All RPC endpoints failed: https://ethereum.publicnode.com: execution reverted: ERC721Metadata: URI query for nonexistent token | https://eth.llamarpc.com: The remote server returned an error: (503) Server Unavailable. | https://cloudflare-eth.com: Internal error"
"515","All RPC endpoints failed: https://ethereum.publicnode.com: execution reverted: ERC721Metadata: URI query for nonexistent token | https://eth.llamarpc.com: The remote server returned an error: (503) Server Unavailable. | https://cloudflare-eth.com: Internal error"
"520","All RPC endpoints failed: https://ethereum.publicnode.com: execution reverted: ERC721Metadata: URI query for nonexistent token | https://eth.llamarpc.com: The remote server returned an error: (503) Server Unavailable. | https://cloudflare-eth.com: Internal error"
"521","All RPC endpoints failed: https://ethereum.publicnode.com: execution reverted: ERC721Metadata: URI query for nonexistent token | https://eth.llamarpc.com: The remote server returned an error: (503) Server Unavailable. | https://cloudflare-eth.com: Internal error"
"523","All RPC endpoints failed: https://ethereum.publicnode.com: execution reverted: ERC721Metadata: URI query for nonexistent token | https://eth.llamarpc.com: The remote server returned an error: (503) Server Unavailable. | https://cloudflare-eth.com: Internal error"
"527","All RPC endpoints failed: https://ethereum.publicnode.com: execution reverted: ERC721Metadata: URI query for nonexistent token | https://eth.llamarpc.com: The remote server returned an error: (503) Server Unavailable. | https://cloudflare-eth.com: Internal error"
"534","All RPC endpoints failed: https://ethereum.publicnode.com: execution reverted: ERC721Metadata: URI query for nonexistent token | https://eth.llamarpc.com: The remote server returned an error: (503) Server Unavailable. | https://cloudflare-eth.com: Internal error"
"537","All RPC endpoints failed: https://ethereum.publicnode.com: execution reverted: ERC721Metadata: URI query for nonexistent token | https://eth.llamarpc.com: The remote server returned an error: (503) Server Unavailable. | https://cloudflare-eth.com: Internal error"
"542","All RPC endpoints failed: https://ethereum.publicnode.com: execution reverted: ERC721Metadata: URI query for nonexistent token | https://eth.llamarpc.com: The remote server returned an error: (503) Server Unavailable. | https://cloudflare-eth.com: Internal error"
"545","All RPC endpoints failed: https://ethereum.publicnode.com: execution reverted: ERC721Metadata: URI query for nonexistent token | https://eth.llamarpc.com: The remote server returned an error: (503) Server Unavailable. | https://cloudflare-eth.com: Internal error"
"548","All RPC endpoints failed: https://ethereum.publicnode.com: execution reverted: ERC721Metadata: URI query for nonexistent token | https://eth.llamarpc.com: The remote server returned an error: (503) Server Unavailable. | https://cloudflare-eth.com: Internal error"
"549","All RPC endpoints failed: https://ethereum.publicnode.com: execution reverted: ERC721Metadata: URI query for nonexistent token | https://eth.llamarpc.com: The remote server returned an error: (503) Server Unavailable. | https://cloudflare-eth.com: Internal error"
"551","All RPC endpoints failed: https://ethereum.publicnode.com: execution reverted: ERC721Metadata: URI query for nonexistent token | https://eth.llamarpc.com: The remote server returned an error: (503) Server Unavailable. | https://cloudflare-eth.com: Internal error"
"553","All RPC endpoints failed: https://ethereum.publicnode.com: execution reverted: ERC721Metadata: URI query for nonexistent token | https://eth.llamarpc.com: The remote server returned an error: (503) Server Unavailable. | https://cloudflare-eth.com: Internal error"
"560","All RPC endpoints failed: https://ethereum.publicnode.com: execution reverted: ERC721Metadata: URI query for nonexistent token | https://eth.llamarpc.com: The remote server returned an error: (503) Server Unavailable. | https://cloudflare-eth.com: Internal error"
"565","All RPC endpoints failed: https://ethereum.publicnode.com: execution reverted: ERC721Metadata: URI query for nonexistent token | https://eth.llamarpc.com: The remote server returned an error: (503) Server Unavailable. | https://cloudflare-eth.com: Internal error"
"569","All RPC endpoints failed: https://ethereum.publicnode.com: execution reverted: ERC721Metadata: URI query for nonexistent token | https://eth.llamarpc.com: The remote server returned an error: (503) Server Unavailable. | https://cloudflare-eth.com: Internal error"
"574","All RPC endpoints failed: https://ethereum.publicnode.com: execution reverted: ERC721Metadata: URI query for nonexistent token | https://eth.llamarpc.com: The remote server returned an error: (503) Server Unavailable. | https://cloudflare-eth.com: Internal error"
"578","All RPC endpoints failed: https://ethereum.publicnode.com: execution reverted: ERC721Metadata: URI query for nonexistent token | https://eth.llamarpc.com: The remote server returned an error: (503) Server Unavailable. | https://cloudflare-eth.com: Internal error"
"580","All RPC endpoints failed: https://ethereum.publicnode.com: execution reverted: ERC721Metadata: URI query for nonexistent token | https://eth.llamarpc.com: The remote server returned an error: (503) Server Unavailable. | https://cloudflare-eth.com: Internal error"
"581","All RPC endpoints failed: https://ethereum.publicnode.com: execution reverted: ERC721Metadata: URI query for nonexistent token | https://eth.llamarpc.com: The remote server returned an error: (503) Server Unavailable. | https://cloudflare-eth.com: Internal error"
"583","All RPC endpoints failed: https://ethereum.publicnode.com: execution reverted: ERC721Metadata: URI query for nonexistent token | https://eth.llamarpc.com: The remote server returned an error: (503) Server Unavailable. | https://cloudflare-eth.com: Internal error"
"588","All RPC endpoints failed: https://ethereum.publicnode.com: execution reverted: ERC721Metadata: URI query for nonexistent token | https://eth.llamarpc.com: The remote server returned an error: (503) Server Unavailable. | https://cloudflare-eth.com: Internal error"
"601","All RPC endpoints failed: https://ethereum.publicnode.com: execution reverted: ERC721Metadata: URI query for nonexistent token | https://eth.llamarpc.com: The remote server returned an error: (503) Server Unavailable. | https://cloudflare-eth.com: Internal error"
"602","All RPC endpoints failed: https://ethereum.publicnode.com: execution reverted: ERC721Metadata: URI query for nonexistent token | https://eth.llamarpc.com: The remote server returned an error: (503) Server Unavailable. | https://cloudflare-eth.com: Internal error"
"604","All RPC endpoints failed: https://ethereum.publicnode.com: execution reverted: ERC721Metadata: URI query for nonexistent token | https://eth.llamarpc.com: The remote server returned an error: (503) Server Unavailable. | https://cloudflare-eth.com: Internal error"
"605","All RPC endpoints failed: https://ethereum.publicnode.com: execution reverted: ERC721Metadata: URI query for nonexistent token | https://eth.llamarpc.com: The remote server returned an error: (503) Server Unavailable. | https://cloudflare-eth.com: Internal error"
"609","All RPC endpoints failed: https://ethereum.publicnode.com: execution reverted: ERC721Metadata: URI query for nonexistent token | https://eth.llamarpc.com: The remote server returned an error: (503) Server Unavailable. | https://cloudflare-eth.com: Internal error"
"623","All RPC endpoints failed: https://ethereum.publicnode.com: execution reverted: ERC721Metadata: URI query for nonexistent token | https://eth.llamarpc.com: The remote server returned an error: (503) Server Unavailable. | https://cloudflare-eth.com: Internal error"
"624","All RPC endpoints failed: https://ethereum.publicnode.com: execution reverted: ERC721Metadata: URI query for nonexistent token | https://eth.llamarpc.com: The remote server returned an error: (503) Server Unavailable. | https://cloudflare-eth.com: Internal error"
"625","All RPC endpoints failed: https://ethereum.publicnode.com: execution reverted: ERC721Metadata: URI query for nonexistent token | https://eth.llamarpc.com: The remote server returned an error: (503) Server Unavailable. | https://cloudflare-eth.com: Internal error"
"629","All RPC endpoints failed: https://ethereum.publicnode.com: execution reverted: ERC721Metadata: URI query for nonexistent token | https://eth.llamarpc.com: The remote server returned an error: (503) Server Unavailable. | https://cloudflare-eth.com: Internal error"
"630","All RPC endpoints failed: https://ethereum.publicnode.com: execution reverted: ERC721Metadata: URI query for nonexistent token | https://eth.llamarpc.com: The remote server returned an error: (503) Server Unavailable. | https://cloudflare-eth.com: Internal error"
"637","All RPC endpoints failed: https://ethereum.publicnode.com: execution reverted: ERC721Metadata: URI query for nonexistent token | https://eth.llamarpc.com: The remote server returned an error: (503) Server Unavailable. | https://cloudflare-eth.com: Internal error"
"638","All RPC endpoints failed: https://ethereum.publicnode.com: execution reverted: ERC721Metadata: URI query for nonexistent token | https://eth.llamarpc.com: The remote server returned an error: (503) Server Unavailable. | https://cloudflare-eth.com: Internal error"
"642","All RPC endpoints failed: https://ethereum.publicnode.com: execution reverted: ERC721Metadata: URI query for nonexistent token | https://eth.llamarpc.com: The remote server returned an error: (503) Server Unavailable. | https://cloudflare-eth.com: Internal error"
"645","All RPC endpoints failed: https://ethereum.publicnode.com: execution reverted: ERC721Metadata: URI query for nonexistent token | https://eth.llamarpc.com: The remote server returned an error: (503) Server Unavailable. | https://cloudflare-eth.com: Internal error"
"647","All RPC endpoints failed: https://ethereum.publicnode.com: execution reverted: ERC721Metadata: URI query for nonexistent token | https://eth.llamarpc.com: The remote server returned an error: (503) Server Unavailable. | https://cloudflare-eth.com: Internal error"
"657","All RPC endpoints failed: https://ethereum.publicnode.com: execution reverted: ERC721Metadata: URI query for nonexistent token | https://eth.llamarpc.com: The remote server returned an error: (503) Server Unavailable. | https://cloudflare-eth.com: Internal error"
"660","All RPC endpoints failed: https://ethereum.publicnode.com: execution reverted: ERC721Metadata: URI query for nonexistent token | https://eth.llamarpc.com: The remote server returned an error: (503) Server Unavailable. | https://cloudflare-eth.com: Internal error"
"662","All RPC endpoints failed: https://ethereum.publicnode.com: execution reverted: ERC721Metadata: URI query for nonexistent token | https://eth.llamarpc.com: The remote server returned an error: (503) Server Unavailable. | https://cloudflare-eth.com: Internal error"
"666","All RPC endpoints failed: https://ethereum.publicnode.com: execution reverted: ERC721Metadata: URI query for nonexistent token | https://eth.llamarpc.com: The remote server returned an error: (503) Server Unavailable. | https://cloudflare-eth.com: Internal error"
"669","All RPC endpoints failed: https://ethereum.publicnode.com: execution reverted: ERC721Metadata: URI query for nonexistent token | https://eth.llamarpc.com: The remote server returned an error: (503) Server Unavailable. | https://cloudflare-eth.com: Internal error"
"670","All RPC endpoints failed: https://ethereum.publicnode.com: execution reverted: ERC721Metadata: URI query for nonexistent token | https://eth.llamarpc.com: The remote server returned an error: (503) Server Unavailable. | https://cloudflare-eth.com: Internal error"
"674","All RPC endpoints failed: https://ethereum.publicnode.com: execution reverted: ERC721Metadata: URI query for nonexistent token | https://eth.llamarpc.com: The remote server returned an error: (503) Server Unavailable. | https://cloudflare-eth.com: Internal error"
"679","All RPC endpoints failed: https://ethereum.publicnode.com: execution reverted: ERC721Metadata: URI query for nonexistent token | https://eth.llamarpc.com: The remote server returned an error: (503) Server Unavailable. | https://cloudflare-eth.com: Internal error"
"681","All RPC endpoints failed: https://ethereum.publicnode.com: execution reverted: ERC721Metadata: URI query for nonexistent token | https://eth.llamarpc.com: The remote server returned an error: (503) Server Unavailable. | https://cloudflare-eth.com: Internal error"
"682","All RPC endpoints failed: https://ethereum.publicnode.com: execution reverted: ERC721Metadata: URI query for nonexistent token | https://eth.llamarpc.com: The remote server returned an error: (503) Server Unavailable. | https://cloudflare-eth.com: Internal error"
"683","All RPC endpoints failed: https://ethereum.publicnode.com: execution reverted: ERC721Metadata: URI query for nonexistent token | https://eth.llamarpc.com: The remote server returned an error: (503) Server Unavailable. | https://cloudflare-eth.com: Internal error"
"691","All RPC endpoints failed: https://ethereum.publicnode.com: execution reverted: ERC721Metadata: URI query for nonexistent token | https://eth.llamarpc.com: The remote server returned an error: (503) Server Unavailable. | https://cloudflare-eth.com: Internal error"
"695","All RPC endpoints failed: https://ethereum.publicnode.com: execution reverted: ERC721Metadata: URI query for nonexistent token | https://eth.llamarpc.com: The remote server returned an error: (503) Server Unavailable. | https://cloudflare-eth.com: Internal error"
"696","All RPC endpoints failed: https://ethereum.publicnode.com: execution reverted: ERC721Metadata: URI query for nonexistent token | https://eth.llamarpc.com: The remote server returned an error: (503) Server Unavailable. | https://cloudflare-eth.com: Internal error"
"698","All RPC endpoints failed: https://ethereum.publicnode.com: execution reverted: ERC721Metadata: URI query for nonexistent token | https://eth.llamarpc.com: The remote server returned an error: (503) Server Unavailable. | https://cloudflare-eth.com: Internal error"
"701","All RPC endpoints failed: https://ethereum.publicnode.com: execution reverted: ERC721Metadata: URI query for nonexistent token | https://eth.llamarpc.com: The remote server returned an error: (503) Server Unavailable. | https://cloudflare-eth.com: Internal error"
"704","All RPC endpoints failed: https://ethereum.publicnode.com: execution reverted: ERC721Metadata: URI query for nonexistent token | https://eth.llamarpc.com: The remote server returned an error: (503) Server Unavailable. | https://cloudflare-eth.com: Internal error"
"709","All RPC endpoints failed: https://ethereum.publicnode.com: execution reverted: ERC721Metadata: URI query for nonexistent token | https://eth.llamarpc.com: The remote server returned an error: (503) Server Unavailable. | https://cloudflare-eth.com: Internal error"
"711","All RPC endpoints failed: https://ethereum.publicnode.com: execution reverted: ERC721Metadata: URI query for nonexistent token | https://eth.llamarpc.com: The remote server returned an error: (503) Server Unavailable. | https://cloudflare-eth.com: Internal error"
"718","All RPC endpoints failed: https://ethereum.publicnode.com: execution reverted: ERC721Metadata: URI query for nonexistent token | https://eth.llamarpc.com: The remote server returned an error: (503) Server Unavailable. | https://cloudflare-eth.com: Internal error"
"720","All RPC endpoints failed: https://ethereum.publicnode.com: execution reverted: ERC721Metadata: URI query for nonexistent token | https://eth.llamarpc.com: The remote server returned an error: (503) Server Unavailable. | https://cloudflare-eth.com: Internal error"
"725","All RPC endpoints failed: https://ethereum.publicnode.com: execution reverted: ERC721Metadata: URI query for nonexistent token | https://eth.llamarpc.com: The remote server returned an error: (503) Server Unavailable. | https://cloudflare-eth.com: Internal error"
"727","All RPC endpoints failed: https://ethereum.publicnode.com: execution reverted: ERC721Metadata: URI query for nonexistent token | https://eth.llamarpc.com: The remote server returned an error: (503) Server Unavailable. | https://cloudflare-eth.com: Internal error"
"728","All RPC endpoints failed: https://ethereum.publicnode.com: execution reverted: ERC721Metadata: URI query for nonexistent token | https://eth.llamarpc.com: The remote server returned an error: (503) Server Unavailable. | https://cloudflare-eth.com: Internal error"
"733","All RPC endpoints failed: https://ethereum.publicnode.com: execution reverted: ERC721Metadata: URI query for nonexistent token | https://eth.llamarpc.com: The remote server returned an error: (503) Server Unavailable. | https://cloudflare-eth.com: Internal error"
"734","All RPC endpoints failed: https://ethereum.publicnode.com: execution reverted: ERC721Metadata: URI query for nonexistent token | https://eth.llamarpc.com: The remote server returned an error: (503) Server Unavailable. | https://cloudflare-eth.com: Internal error"
"735","All RPC endpoints failed: https://ethereum.publicnode.com: execution reverted: ERC721Metadata: URI query for nonexistent token | https://eth.llamarpc.com: The remote server returned an error: (503) Server Unavailable. | https://cloudflare-eth.com: Internal error"
"736","All RPC endpoints failed: https://ethereum.publicnode.com: execution reverted: ERC721Metadata: URI query for nonexistent token | https://eth.llamarpc.com: The remote server returned an error: (503) Server Unavailable. | https://cloudflare-eth.com: Internal error"
"742","All RPC endpoints failed: https://ethereum.publicnode.com: execution reverted: ERC721Metadata: URI query for nonexistent token | https://eth.llamarpc.com: The remote server returned an error: (503) Server Unavailable. | https://cloudflare-eth.com: Internal error"
"746","All RPC endpoints failed: https://ethereum.publicnode.com: execution reverted: ERC721Metadata: URI query for nonexistent token | https://eth.llamarpc.com: The remote server returned an error: (503) Server Unavailable. | https://cloudflare-eth.com: Internal error"
"751","All RPC endpoints failed: https://ethereum.publicnode.com: execution reverted: ERC721Metadata: URI query for nonexistent token | https://eth.llamarpc.com: The remote server returned an error: (503) Server Unavailable. | https://cloudflare-eth.com: Internal error"
"761","All RPC endpoints failed: https://ethereum.publicnode.com: execution reverted: ERC721Metadata: URI query for nonexistent token | https://eth.llamarpc.com: The remote server returned an error: (503) Server Unavailable. | https://cloudflare-eth.com: Internal error"
"764","All RPC endpoints failed: https://ethereum.publicnode.com: execution reverted: ERC721Metadata: URI query for nonexistent token | https://eth.llamarpc.com: The remote server returned an error: (503) Server Unavailable. | https://cloudflare-eth.com: Internal error"
"769","All RPC endpoints failed: https://ethereum.publicnode.com: execution reverted: ERC721Metadata: URI query for nonexistent token | https://eth.llamarpc.com: The remote server returned an error: (503) Server Unavailable. | https://cloudflare-eth.com: Internal error"
"777","All RPC endpoints failed: https://ethereum.publicnode.com: execution reverted: ERC721Metadata: URI query for nonexistent token | https://eth.llamarpc.com: The remote server returned an error: (503) Server Unavailable. | https://cloudflare-eth.com: Internal error"
"790","All RPC endpoints failed: https://ethereum.publicnode.com: execution reverted: ERC721Metadata: URI query for nonexistent token | https://eth.llamarpc.com: The remote server returned an error: (503) Server Unavailable. | https://cloudflare-eth.com: Internal error"
"791","All RPC endpoints failed: https://ethereum.publicnode.com: execution reverted: ERC721Metadata: URI query for nonexistent token | https://eth.llamarpc.com: The remote server returned an error: (503) Server Unavailable. | https://cloudflare-eth.com: Internal error"
"799","All RPC endpoints failed: https://ethereum.publicnode.com: execution reverted: ERC721Metadata: URI query for nonexistent token | https://eth.llamarpc.com: The remote server returned an error: (503) Server Unavailable. | https://cloudflare-eth.com: Internal error"
"815","All RPC endpoints failed: https://ethereum.publicnode.com: execution reverted: ERC721Metadata: URI query for nonexistent token | https://eth.llamarpc.com: The remote server returned an error: (503) Server Unavailable. | https://cloudflare-eth.com: Internal error"
"819","All RPC endpoints failed: https://ethereum.publicnode.com: execution reverted: ERC721Metadata: URI query for nonexistent token | https://eth.llamarpc.com: The remote server returned an error: (503) Server Unavailable. | https://cloudflare-eth.com: Internal error"
"824","All RPC endpoints failed: https://ethereum.publicnode.com: execution reverted: ERC721Metadata: URI query for nonexistent token | https://eth.llamarpc.com: The remote server returned an error: (503) Server Unavailable. | https://cloudflare-eth.com: Internal error"
"825","All RPC endpoints failed: https://ethereum.publicnode.com: execution reverted: ERC721Metadata: URI query for nonexistent token | https://eth.llamarpc.com: The remote server returned an error: (503) Server Unavailable. | https://cloudflare-eth.com: Internal error"
"828","All RPC endpoints failed: https://ethereum.publicnode.com: execution reverted: ERC721Metadata: URI query for nonexistent token | https://eth.llamarpc.com: The remote server returned an error: (503) Server Unavailable. | https://cloudflare-eth.com: Internal error"
"832","All RPC endpoints failed: https://ethereum.publicnode.com: execution reverted: ERC721Metadata: URI query for nonexistent token | https://eth.llamarpc.com: The remote server returned an error: (503) Server Unavailable. | https://cloudflare-eth.com: Internal error"
"837","All RPC endpoints failed: https://ethereum.publicnode.com: execution reverted: ERC721Metadata: URI query for nonexistent token | https://eth.llamarpc.com: The remote server returned an error: (503) Server Unavailable. | https://cloudflare-eth.com: Internal error"
"838","All RPC endpoints failed: https://ethereum.publicnode.com: execution reverted: ERC721Metadata: URI query for nonexistent token | https://eth.llamarpc.com: The remote server returned an error: (503) Server Unavailable. | https://cloudflare-eth.com: Internal error"
"841","All RPC endpoints failed: https://ethereum.publicnode.com: execution reverted: ERC721Metadata: URI query for nonexistent token | https://eth.llamarpc.com: The remote server returned an error: (503) Server Unavailable. | https://cloudflare-eth.com: Internal error"
"842","All RPC endpoints failed: https://ethereum.publicnode.com: execution reverted: ERC721Metadata: URI query for nonexistent token | https://eth.llamarpc.com: The remote server returned an error: (503) Server Unavailable. | https://cloudflare-eth.com: Internal error"
"847","All RPC endpoints failed: https://ethereum.publicnode.com: execution reverted: ERC721Metadata: URI query for nonexistent token | https://eth.llamarpc.com: The remote server returned an error: (503) Server Unavailable. | https://cloudflare-eth.com: Internal error"
"851","All RPC endpoints failed: https://ethereum.publicnode.com: execution reverted: ERC721Metadata: URI query for nonexistent token | https://eth.llamarpc.com: The remote server returned an error: (503) Server Unavailable. | https://cloudflare-eth.com: Internal error"
"858","All RPC endpoints failed: https://ethereum.publicnode.com: execution reverted: ERC721Metadata: URI query for nonexistent token | https://eth.llamarpc.com: The remote server returned an error: (503) Server Unavailable. | https://cloudflare-eth.com: Internal error"
"860","All RPC endpoints failed: https://ethereum.publicnode.com: execution reverted: ERC721Metadata: URI query for nonexistent token | https://eth.llamarpc.com: The remote server returned an error: (503) Server Unavailable. | https://cloudflare-eth.com: Internal error"
"861","All RPC endpoints failed: https://ethereum.publicnode.com: execution reverted: ERC721Metadata: URI query for nonexistent token | https://eth.llamarpc.com: The remote server returned an error: (503) Server Unavailable. | https://cloudflare-eth.com: Internal error"
"862","All RPC endpoints failed: https://ethereum.publicnode.com: execution reverted: ERC721Metadata: URI query for nonexistent token | https://eth.llamarpc.com: The remote server returned an error: (503) Server Unavailable. | https://cloudflare-eth.com: Internal error"
"865","All RPC endpoints failed: https://ethereum.publicnode.com: execution reverted: ERC721Metadata: URI query for nonexistent token | https://eth.llamarpc.com: The remote server returned an error: (503) Server Unavailable. | https://cloudflare-eth.com: Internal error"
"867","All RPC endpoints failed: https://ethereum.publicnode.com: execution reverted: ERC721Metadata: URI query for nonexistent token | https://eth.llamarpc.com: The remote server returned an error: (503) Server Unavailable. | https://cloudflare-eth.com: Internal error"
"870","All RPC endpoints failed: https://ethereum.publicnode.com: execution reverted: ERC721Metadata: URI query for nonexistent token | https://eth.llamarpc.com: The remote server returned an error: (503) Server Unavailable. | https://cloudflare-eth.com: Internal error"
"877","All RPC endpoints failed: https://ethereum.publicnode.com: execution reverted: ERC721Metadata: URI query for nonexistent token | https://eth.llamarpc.com: The remote server returned an error: (503) Server Unavailable. | https://cloudflare-eth.com: Internal error"
"884","All RPC endpoints failed: https://ethereum.publicnode.com: execution reverted: ERC721Metadata: URI query for nonexistent token | https://eth.llamarpc.com: The remote server returned an error: (503) Server Unavailable. | https://cloudflare-eth.com: Internal error"
"886","All RPC endpoints failed: https://ethereum.publicnode.com: execution reverted: ERC721Metadata: URI query for nonexistent token | https://eth.llamarpc.com: The remote server returned an error: (503) Server Unavailable. | https://cloudflare-eth.com: Internal error"
"890","All RPC endpoints failed: https://ethereum.publicnode.com: execution reverted: ERC721Metadata: URI query for nonexistent token | https://eth.llamarpc.com: The remote server returned an error: (503) Server Unavailable. | https://cloudflare-eth.com: Internal error"
"891","All RPC endpoints failed: https://ethereum.publicnode.com: execution reverted: ERC721Metadata: URI query for nonexistent token | https://eth.llamarpc.com: The remote server returned an error: (503) Server Unavailable. | https://cloudflare-eth.com: Internal error"
"892","All RPC endpoints failed: https://ethereum.publicnode.com: execution reverted: ERC721Metadata: URI query for nonexistent token | https://eth.llamarpc.com: The remote server returned an error: (503) Server Unavailable. | https://cloudflare-eth.com: Internal error"
"894","All RPC endpoints failed: https://ethereum.publicnode.com: execution reverted: ERC721Metadata: URI query for nonexistent token | https://eth.llamarpc.com: The remote server returned an error: (503) Server Unavailable. | https://cloudflare-eth.com: Internal error"
"900","All RPC endpoints failed: https://ethereum.publicnode.com: execution reverted: ERC721Metadata: URI query for nonexistent token | https://eth.llamarpc.com: The remote server returned an error: (503) Server Unavailable. | https://cloudflare-eth.com: Internal error"
"919","All RPC endpoints failed: https://ethereum.publicnode.com: execution reverted: ERC721Metadata: URI query for nonexistent token | https://eth.llamarpc.com: The remote server returned an error: (503) Server Unavailable. | https://cloudflare-eth.com: Internal error"
"920","All RPC endpoints failed: https://ethereum.publicnode.com: execution reverted: ERC721Metadata: URI query for nonexistent token | https://eth.llamarpc.com: The remote server returned an error: (503) Server Unavailable. | https://cloudflare-eth.com: Internal error"
"921","All RPC endpoints failed: https://ethereum.publicnode.com: execution reverted: ERC721Metadata: URI query for nonexistent token | https://eth.llamarpc.com: The remote server returned an error: (503) Server Unavailable. | https://cloudflare-eth.com: Internal error"
"923","All RPC endpoints failed: https://ethereum.publicnode.com: execution reverted: ERC721Metadata: URI query for nonexistent token | https://eth.llamarpc.com: The remote server returned an error: (503) Server Unavailable. | https://cloudflare-eth.com: Internal error"
"932","All RPC endpoints failed: https://ethereum.publicnode.com: execution reverted: ERC721Metadata: URI query for nonexistent token | https://eth.llamarpc.com: The remote server returned an error: (503) Server Unavailable. | https://cloudflare-eth.com: Internal error"
"935","All RPC endpoints failed: https://ethereum.publicnode.com: execution reverted: ERC721Metadata: URI query for nonexistent token | https://eth.llamarpc.com: The remote server returned an error: (503) Server Unavailable. | https://cloudflare-eth.com: Internal error"
"944","All RPC endpoints failed: https://ethereum.publicnode.com: execution reverted: ERC721Metadata: URI query for nonexistent token | https://eth.llamarpc.com: The remote server returned an error: (503) Server Unavailable. | https://cloudflare-eth.com: Internal error"
"946","All RPC endpoints failed: https://ethereum.publicnode.com: execution reverted: ERC721Metadata: URI query for nonexistent token | https://eth.llamarpc.com: The remote server returned an error: (503) Server Unavailable. | https://cloudflare-eth.com: Internal error"
"952","All RPC endpoints failed: https://ethereum.publicnode.com: execution reverted: ERC721Metadata: URI query for nonexistent token | https://eth.llamarpc.com: The remote server returned an error: (503) Server Unavailable. | https://cloudflare-eth.com: Internal error"
"954","All RPC endpoints failed: https://ethereum.publicnode.com: execution reverted: ERC721Metadata: URI query for nonexistent token | https://eth.llamarpc.com: The remote server returned an error: (503) Server Unavailable. | https://cloudflare-eth.com: Internal error"
"955","All RPC endpoints failed: https://ethereum.publicnode.com: execution reverted: ERC721Metadata: URI query for nonexistent token | https://eth.llamarpc.com: The remote server returned an error: (503) Server Unavailable. | https://cloudflare-eth.com: Internal error"
"958","All RPC endpoints failed: https://ethereum.publicnode.com: execution reverted: ERC721Metadata: URI query for nonexistent token | https://eth.llamarpc.com: The remote server returned an error: (503) Server Unavailable. | https://cloudflare-eth.com: Internal error"
"960","All RPC endpoints failed: https://ethereum.publicnode.com: execution reverted: ERC721Metadata: URI query for nonexistent token | https://eth.llamarpc.com: The remote server returned an error: (503) Server Unavailable. | https://cloudflare-eth.com: Internal error"
"962","All RPC endpoints failed: https://ethereum.publicnode.com: execution reverted: ERC721Metadata: URI query for nonexistent token | https://eth.llamarpc.com: The remote server returned an error: (503) Server Unavailable. | https://cloudflare-eth.com: Internal error"
"965","All RPC endpoints failed: https://ethereum.publicnode.com: execution reverted: ERC721Metadata: URI query for nonexistent token | https://eth.llamarpc.com: The remote server returned an error: (503) Server Unavailable. | https://cloudflare-eth.com: Internal error"
"969","All RPC endpoints failed: https://ethereum.publicnode.com: execution reverted: ERC721Metadata: URI query for nonexistent token | https://eth.llamarpc.com: The remote server returned an error: (503) Server Unavailable. | https://cloudflare-eth.com: Internal error"
"970","All RPC endpoints failed: https://ethereum.publicnode.com: execution reverted: ERC721Metadata: URI query for nonexistent token | https://eth.llamarpc.com: The remote server returned an error: (503) Server Unavailable. | https://cloudflare-eth.com: Internal error"
"971","All RPC endpoints failed: https://ethereum.publicnode.com: execution reverted: ERC721Metadata: URI query for nonexistent token | https://eth.llamarpc.com: The remote server returned an error: (503) Server Unavailable. | https://cloudflare-eth.com: Internal error"
"975","All RPC endpoints failed: https://ethereum.publicnode.com: execution reverted: ERC721Metadata: URI query for nonexistent token | https://eth.llamarpc.com: The remote server returned an error: (503) Server Unavailable. | https://cloudflare-eth.com: Internal error"
"977","All RPC endpoints failed: https://ethereum.publicnode.com: execution reverted: ERC721Metadata: URI query for nonexistent token | https://eth.llamarpc.com: The remote server returned an error: (503) Server Unavailable. | https://cloudflare-eth.com: Internal error"
"982","All RPC endpoints failed: https://ethereum.publicnode.com: execution reverted: ERC721Metadata: URI query for nonexistent token | https://eth.llamarpc.com: The remote server returned an error: (503) Server Unavailable. | https://cloudflare-eth.com: Internal error"
"984","All RPC endpoints failed: https://ethereum.publicnode.com: execution reverted: ERC721Metadata: URI query for nonexistent token | https://eth.llamarpc.com: The remote server returned an error: (503) Server Unavailable. | https://cloudflare-eth.com: Internal error"
"989","All RPC endpoints failed: https://ethereum.publicnode.com: execution reverted: ERC721Metadata: URI query for nonexistent token | https://eth.llamarpc.com: The remote server returned an error: (503) Server Unavailable. | https://cloudflare-eth.com: Internal error"
"999","All RPC endpoints failed: https://ethereum.publicnode.com: execution reverted: ERC721Metadata: URI query for nonexistent token | https://eth.llamarpc.com: The remote server returned an error: (503) Server Unavailable. | https://cloudflare-eth.com: Internal error"
