"TokenID","TokenIDPadded","Name","Description","TokenURI","ResolvedMetadataURL","ImageURI","ResolvedImageURL","ReferenceImagePath","DHash","OpenSeaURL","AttributesJSON"
"1","00001","","","ipfs://QmXpXg2KDaqtFwFutCx11Lib4BJ86RPkUpkxCJJCDSc5SL/1","https://ipfs.io/ipfs/QmXpXg2KDaqtFwFutCx11Lib4BJ86RPkUpkxCJJCDSc5SL/1","ipfs://QmWNWmgdMtxpyofvTSVRFjzTugo71Q6WDy3Wq62pCeawUz/1","https://ipfs.io/ipfs/QmWNWmgdMtxpyofvTSVRFjzTugo71Q6WDy3Wq62pCeawUz/1","D:\github\ron-english-light-cult-0001-1000\data\generated\light-cult-image-match-powershell-only\run-20260514-145538\reference-images\Light-Cult-Crypto-Club-00001.png","1a07070707070707","https://opensea.io/assets/ethereum/0xbe85fbd182af91290be7293438ae67549638189f/1","[{""trait_type"":""Background"",""value"":""Mandala 1""},{""trait_type"":""Face"",""value"":""Basic (Yellow)""},{""trait_type"":""Accessory"",""value"":""Winged Sunglasses""}]"
"2","00002","","","ipfs://QmXpXg2KDaqtFwFutCx11Lib4BJ86RPkUpkxCJJCDSc5SL/2","https://ipfs.io/ipfs/QmXpXg2KDaqtFwFutCx11Lib4BJ86RPkUpkxCJJCDSc5SL/2","ipfs://QmWNWmgdMtxpyofvTSVRFjzTugo71Q6WDy3Wq62pCeawUz/2","https://ipfs.io/ipfs/QmWNWmgdMtxpyofvTSVRFjzTugo71Q6WDy3Wq62pCeawUz/2","D:\github\ron-english-light-cult-0001-1000\data\generated\light-cult-image-match-powershell-only\run-20260514-145538\reference-images\Light-Cult-Crypto-Club-00002.png","0607070707250f07","https://opensea.io/assets/ethereum/0xbe85fbd182af91290be7293438ae67549638189f/2","[{""trait_type"":""Background"",""value"":""Mandala 12""},{""trait_type"":""Face"",""value"":""Basic (Pink)""},{""trait_type"":""Accessory"",""value"":""Groucho Glasses""}]"
"4","00004","","","ipfs://QmXpXg2KDaqtFwFutCx11Lib4BJ86RPkUpkxCJJCDSc5SL/4","https://ipfs.io/ipfs/QmXpXg2KDaqtFwFutCx11Lib4BJ86RPkUpkxCJJCDSc5SL/4","ipfs://QmWNWmgdMtxpyofvTSVRFjzTugo71Q6WDy3Wq62pCeawUz/4","https://ipfs.io/ipfs/QmWNWmgdMtxpyofvTSVRFjzTugo71Q6WDy3Wq62pCeawUz/4","D:\github\ron-english-light-cult-0001-1000\data\generated\light-cult-image-match-powershell-only\run-20260514-145538\reference-images\Light-Cult-Crypto-Club-00004.png","5278393131335850","https://opensea.io/assets/ethereum/0xbe85fbd182af91290be7293438ae67549638189f/4","[{""trait_type"":""Background"",""value"":""Yellow""},{""trait_type"":""Face"",""value"":""Smiley Face (Yellow)""},{""trait_type"":""Hat"",""value"":""Police - Grin (Blue)""},{""trait_type"":""Body"",""value"":""Dino Body""}]"
"5","00005","","","ipfs://QmXpXg2KDaqtFwFutCx11Lib4BJ86RPkUpkxCJJCDSc5SL/5","https://ipfs.io/ipfs/QmXpXg2KDaqtFwFutCx11Lib4BJ86RPkUpkxCJJCDSc5SL/5","ipfs://QmWNWmgdMtxpyofvTSVRFjzTugo71Q6WDy3Wq62pCeawUz/5","https://ipfs.io/ipfs/QmWNWmgdMtxpyofvTSVRFjzTugo71Q6WDy3Wq62pCeawUz/5","D:\github\ron-english-light-cult-0001-1000\data\generated\light-cult-image-match-powershell-only\run-20260514-145538\reference-images\Light-Cult-Crypto-Club-00005.png","da3238f0f2707064","https://opensea.io/assets/ethereum/0xbe85fbd182af91290be7293438ae67549638189f/5","[{""trait_type"":""Background"",""value"":""Pink""},{""trait_type"":""Face"",""value"":""Smiley Face (Red)""},{""trait_type"":""Accessory"",""value"":""Butterfly Wings""},{""trait_type"":""Hat"",""value"":""Pink Military""},{""trait_type"":""Body"",""value"":""Tanktop Mermaid""}]"
"6","00006","","","ipfs://QmXpXg2KDaqtFwFutCx11Lib4BJ86RPkUpkxCJJCDSc5SL/6","https://ipfs.io/ipfs/QmXpXg2KDaqtFwFutCx11Lib4BJ86RPkUpkxCJJCDSc5SL/6","ipfs://QmWNWmgdMtxpyofvTSVRFjzTugo71Q6WDy3Wq62pCeawUz/6","https://ipfs.io/ipfs/QmWNWmgdMtxpyofvTSVRFjzTugo71Q6WDy3Wq62pCeawUz/6","D:\github\ron-english-light-cult-0001-1000\data\generated\light-cult-image-match-powershell-only\run-20260514-145538\reference-images\Light-Cult-Crypto-Club-00006.png","06070f0f0f07070f","https://opensea.io/assets/ethereum/0xbe85fbd182af91290be7293438ae67549638189f/6","[{""trait_type"":""Background"",""value"":""Mandala 2""},{""trait_type"":""Face"",""value"":""Diaper Mask""},{""trait_type"":""Hat"",""value"":""Fez - Cathy Cowgirl""}]"
"7","00007","","","ipfs://QmXpXg2KDaqtFwFutCx11Lib4BJ86RPkUpkxCJJCDSc5SL/7","https://ipfs.io/ipfs/QmXpXg2KDaqtFwFutCx11Lib4BJ86RPkUpkxCJJCDSc5SL/7","ipfs://QmWNWmgdMtxpyofvTSVRFjzTugo71Q6WDy3Wq62pCeawUz/7","https://ipfs.io/ipfs/QmWNWmgdMtxpyofvTSVRFjzTugo71Q6WDy3Wq62pCeawUz/7","D:\github\ron-english-light-cult-0001-1000\data\generated\light-cult-image-match-powershell-only\run-20260514-145538\reference-images\Light-Cult-Crypto-Club-00007.png","06070707070f0f07","https://opensea.io/assets/ethereum/0xbe85fbd182af91290be7293438ae67549638189f/7","[{""trait_type"":""Status"",""value"":""Rare""},{""trait_type"":""Collection"",""value"":""Cracked Bulb Crown""},{""trait_type"":""Variant"",""value"":""CB - V1""}]"
"8","00008","","","ipfs://QmXpXg2KDaqtFwFutCx11Lib4BJ86RPkUpkxCJJCDSc5SL/8","https://ipfs.io/ipfs/QmXpXg2KDaqtFwFutCx11Lib4BJ86RPkUpkxCJJCDSc5SL/8","ipfs://QmWNWmgdMtxpyofvTSVRFjzTugo71Q6WDy3Wq62pCeawUz/8","https://ipfs.io/ipfs/QmWNWmgdMtxpyofvTSVRFjzTugo71Q6WDy3Wq62pCeawUz/8","D:\github\ron-english-light-cult-0001-1000\data\generated\light-cult-image-match-powershell-only\run-20260514-145538\reference-images\Light-Cult-Crypto-Club-00008.png","0406071307070f1f","https://opensea.io/assets/ethereum/0xbe85fbd182af91290be7293438ae67549638189f/8","[{""trait_type"":""Background"",""value"":""Mandala 8""},{""trait_type"":""Face"",""value"":""StarSkull Red Face""},{""trait_type"":""Hat"",""value"":""Fez - Heart Lady""},{""trait_type"":""Body"",""value"":""Brown Guitar""}]"
"10","00010","","","ipfs://QmXpXg2KDaqtFwFutCx11Lib4BJ86RPkUpkxCJJCDSc5SL/10","https://ipfs.io/ipfs/QmXpXg2KDaqtFwFutCx11Lib4BJ86RPkUpkxCJJCDSc5SL/10","ipfs://QmWNWmgdMtxpyofvTSVRFjzTugo71Q6WDy3Wq62pCeawUz/10","https://ipfs.io/ipfs/QmWNWmgdMtxpyofvTSVRFjzTugo71Q6WDy3Wq62pCeawUz/10","D:\github\ron-english-light-cult-0001-1000\data\generated\light-cult-image-match-powershell-only\run-20260514-145538\reference-images\Light-Cult-Crypto-Club-00010.png","4343535343233153","https://opensea.io/assets/ethereum/0xbe85fbd182af91290be7293438ae67549638189f/10","[{""trait_type"":""Status"",""value"":""Rare""},{""trait_type"":""Collection"",""value"":""Genie in a Bottle""},{""trait_type"":""Variant"",""value"":""GI - V3""}]"
"11","00011","","","ipfs://QmXpXg2KDaqtFwFutCx11Lib4BJ86RPkUpkxCJJCDSc5SL/11","https://ipfs.io/ipfs/QmXpXg2KDaqtFwFutCx11Lib4BJ86RPkUpkxCJJCDSc5SL/11","ipfs://QmWNWmgdMtxpyofvTSVRFjzTugo71Q6WDy3Wq62pCeawUz/11","https://ipfs.io/ipfs/QmWNWmgdMtxpyofvTSVRFjzTugo71Q6WDy3Wq62pCeawUz/11","D:\github\ron-english-light-cult-0001-1000\data\generated\light-cult-image-match-powershell-only\run-20260514-145538\reference-images\Light-Cult-Crypto-Club-00011.png","444656f436307070","https://opensea.io/assets/ethereum/0xbe85fbd182af91290be7293438ae67549638189f/11","[{""trait_type"":""Background"",""value"":""Yellow""},{""trait_type"":""Face"",""value"":""Basic (Yellow)""},{""trait_type"":""Accessory"",""value"":""Water Spout""},{""trait_type"":""Body"",""value"":""Tanktop Tree""}]"
"13","00013","","","ipfs://QmXpXg2KDaqtFwFutCx11Lib4BJ86RPkUpkxCJJCDSc5SL/13","https://ipfs.io/ipfs/QmXpXg2KDaqtFwFutCx11Lib4BJ86RPkUpkxCJJCDSc5SL/13","ipfs://QmWNWmgdMtxpyofvTSVRFjzTugo71Q6WDy3Wq62pCeawUz/13","https://ipfs.io/ipfs/QmWNWmgdMtxpyofvTSVRFjzTugo71Q6WDy3Wq62pCeawUz/13","D:\github\ron-english-light-cult-0001-1000\data\generated\light-cult-image-match-powershell-only\run-20260514-145538\reference-images\Light-Cult-Crypto-Club-00013.png","5270702564307070","https://opensea.io/assets/ethereum/0xbe85fbd182af91290be7293438ae67549638189f/13","[{""trait_type"":""Background"",""value"":""Pink""},{""trait_type"":""Face"",""value"":""White Mask""},{""trait_type"":""Hat"",""value"":""Weed Crown""},{""trait_type"":""Body"",""value"":""Tanktop""}]"
"14","00014","","","ipfs://QmXpXg2KDaqtFwFutCx11Lib4BJ86RPkUpkxCJJCDSc5SL/14","https://ipfs.io/ipfs/QmXpXg2KDaqtFwFutCx11Lib4BJ86RPkUpkxCJJCDSc5SL/14","ipfs://QmWNWmgdMtxpyofvTSVRFjzTugo71Q6WDy3Wq62pCeawUz/14","https://ipfs.io/ipfs/QmWNWmgdMtxpyofvTSVRFjzTugo71Q6WDy3Wq62pCeawUz/14","D:\github\ron-english-light-cult-0001-1000\data\generated\light-cult-image-match-powershell-only\run-20260514-145538\reference-images\Light-Cult-Crypto-Club-00014.png","76760e0e16064747","https://opensea.io/assets/ethereum/0xbe85fbd182af91290be7293438ae67549638189f/14","[{""trait_type"":""Status"",""value"":""Rare""},{""trait_type"":""Collection"",""value"":""Forlorn Unicorn""},{""trait_type"":""Variant"",""value"":""FU - V1""}]"
"15","00015","","","ipfs://QmXpXg2KDaqtFwFutCx11Lib4BJ86RPkUpkxCJJCDSc5SL/15","https://ipfs.io/ipfs/QmXpXg2KDaqtFwFutCx11Lib4BJ86RPkUpkxCJJCDSc5SL/15","ipfs://QmWNWmgdMtxpyofvTSVRFjzTugo71Q6WDy3Wq62pCeawUz/15","https://ipfs.io/ipfs/QmWNWmgdMtxpyofvTSVRFjzTugo71Q6WDy3Wq62pCeawUz/15","D:\github\ron-english-light-cult-0001-1000\data\generated\light-cult-image-match-powershell-only\run-20260514-145538\reference-images\Light-Cult-Crypto-Club-00015.png","5278707031525246","https://opensea.io/assets/ethereum/0xbe85fbd182af91290be7293438ae67549638189f/15","[{""trait_type"":""Background"",""value"":""Pink""},{""trait_type"":""Face"",""value"":""Ship n Bowl""},{""trait_type"":""Hat"",""value"":""Helmet - Purple""}]"
"16","00016","","","ipfs://QmXpXg2KDaqtFwFutCx11Lib4BJ86RPkUpkxCJJCDSc5SL/16","https://ipfs.io/ipfs/QmXpXg2KDaqtFwFutCx11Lib4BJ86RPkUpkxCJJCDSc5SL/16","ipfs://QmWNWmgdMtxpyofvTSVRFjzTugo71Q6WDy3Wq62pCeawUz/16","https://ipfs.io/ipfs/QmWNWmgdMtxpyofvTSVRFjzTugo71Q6WDy3Wq62pCeawUz/16","D:\github\ron-english-light-cult-0001-1000\data\generated\light-cult-image-match-powershell-only\run-20260514-145538\reference-images\Light-Cult-Crypto-Club-00016.png","461b3131391b1307","https://opensea.io/assets/ethereum/0xbe85fbd182af91290be7293438ae67549638189f/16","[{""trait_type"":""Background"",""value"":""Light Blue""},{""trait_type"":""Face"",""value"":""Stegasourous Photo""},{""trait_type"":""Hat"",""value"":""Helmet - Purple""}]"
"17","00017","","","ipfs://QmXpXg2KDaqtFwFutCx11Lib4BJ86RPkUpkxCJJCDSc5SL/17","https://ipfs.io/ipfs/QmXpXg2KDaqtFwFutCx11Lib4BJ86RPkUpkxCJJCDSc5SL/17","ipfs://QmWNWmgdMtxpyofvTSVRFjzTugo71Q6WDy3Wq62pCeawUz/17","https://ipfs.io/ipfs/QmWNWmgdMtxpyofvTSVRFjzTugo71Q6WDy3Wq62pCeawUz/17","D:\github\ron-english-light-cult-0001-1000\data\generated\light-cult-image-match-powershell-only\run-20260514-145538\reference-images\Light-Cult-Crypto-Club-00017.png","464613132d070746","https://opensea.io/assets/ethereum/0xbe85fbd182af91290be7293438ae67549638189f/17","[{""trait_type"":""Status"",""value"":""Rare""},{""trait_type"":""Collection"",""value"":""Chicken Bulb""},{""trait_type"":""Variant"",""value"":""1O - V10""}]"
"18","00018","","","ipfs://QmXpXg2KDaqtFwFutCx11Lib4BJ86RPkUpkxCJJCDSc5SL/18","https://ipfs.io/ipfs/QmXpXg2KDaqtFwFutCx11Lib4BJ86RPkUpkxCJJCDSc5SL/18","ipfs://QmWNWmgdMtxpyofvTSVRFjzTugo71Q6WDy3Wq62pCeawUz/18","https://ipfs.io/ipfs/QmWNWmgdMtxpyofvTSVRFjzTugo71Q6WDy3Wq62pCeawUz/18","D:\github\ron-english-light-cult-0001-1000\data\generated\light-cult-image-match-powershell-only\run-20260514-145538\reference-images\Light-Cult-Crypto-Club-00018.png","06070f13130e1b17","https://opensea.io/assets/ethereum/0xbe85fbd182af91290be7293438ae67549638189f/18","[{""trait_type"":""Background"",""value"":""Mandala 15""},{""trait_type"":""Face"",""value"":""Ship n Bowl""},{""trait_type"":""Hat"",""value"":""Carosoul Crown""},{""trait_type"":""Body"",""value"":""LightBulb M-16""}]"
"19","00019","","","ipfs://QmXpXg2KDaqtFwFutCx11Lib4BJ86RPkUpkxCJJCDSc5SL/19","https://ipfs.io/ipfs/QmXpXg2KDaqtFwFutCx11Lib4BJ86RPkUpkxCJJCDSc5SL/19","ipfs://QmWNWmgdMtxpyofvTSVRFjzTugo71Q6WDy3Wq62pCeawUz/19","https://ipfs.io/ipfs/QmWNWmgdMtxpyofvTSVRFjzTugo71Q6WDy3Wq62pCeawUz/19","D:\github\ron-english-light-cult-0001-1000\data\generated\light-cult-image-match-powershell-only\run-20260514-145538\reference-images\Light-Cult-Crypto-Club-00019.png","5a5a3931391b7a70","https://opensea.io/assets/ethereum/0xbe85fbd182af91290be7293438ae67549638189f/19","[{""trait_type"":""Background"",""value"":""Yellow""},{""trait_type"":""Face"",""value"":""Basic (Light Blue)""},{""trait_type"":""Hat"",""value"":""Fez - Heart Cage""},{""trait_type"":""Body"",""value"":""LightBulb M-16""}]"
"20","00020","","","ipfs://QmXpXg2KDaqtFwFutCx11Lib4BJ86RPkUpkxCJJCDSc5SL/20","https://ipfs.io/ipfs/QmXpXg2KDaqtFwFutCx11Lib4BJ86RPkUpkxCJJCDSc5SL/20","ipfs://QmWNWmgdMtxpyofvTSVRFjzTugo71Q6WDy3Wq62pCeawUz/20","https://ipfs.io/ipfs/QmWNWmgdMtxpyofvTSVRFjzTugo71Q6WDy3Wq62pCeawUz/20","D:\github\ron-english-light-cult-0001-1000\data\generated\light-cult-image-match-powershell-only\run-20260514-145538\reference-images\Light-Cult-Crypto-Club-00020.png","6452313139395846","https://opensea.io/assets/ethereum/0xbe85fbd182af91290be7293438ae67549638189f/20","[{""trait_type"":""Background"",""value"":""Yellow""},{""trait_type"":""Face"",""value"":""Octopus""},{""trait_type"":""Accessory"",""value"":""Groucho Glasses""},{""trait_type"":""Hat"",""value"":""Nurse Hat""}]"
"21","00021","","","ipfs://QmXpXg2KDaqtFwFutCx11Lib4BJ86RPkUpkxCJJCDSc5SL/21","https://ipfs.io/ipfs/QmXpXg2KDaqtFwFutCx11Lib4BJ86RPkUpkxCJJCDSc5SL/21","ipfs://QmWNWmgdMtxpyofvTSVRFjzTugo71Q6WDy3Wq62pCeawUz/21","https://ipfs.io/ipfs/QmWNWmgdMtxpyofvTSVRFjzTugo71Q6WDy3Wq62pCeawUz/21","D:\github\ron-english-light-cult-0001-1000\data\generated\light-cult-image-match-powershell-only\run-20260514-145538\reference-images\Light-Cult-Crypto-Club-00021.png","1339393164391307","https://opensea.io/assets/ethereum/0xbe85fbd182af91290be7293438ae67549638189f/21","[{""trait_type"":""Background"",""value"":""Rainbow""},{""trait_type"":""Face"",""value"":""Basic (Yellow)""},{""trait_type"":""Hat"",""value"":""Police - Grin (Yellow)""}]"
"22","00022","","","ipfs://QmXpXg2KDaqtFwFutCx11Lib4BJ86RPkUpkxCJJCDSc5SL/22","https://ipfs.io/ipfs/QmXpXg2KDaqtFwFutCx11Lib4BJ86RPkUpkxCJJCDSc5SL/22","ipfs://QmWNWmgdMtxpyofvTSVRFjzTugo71Q6WDy3Wq62pCeawUz/22","https://ipfs.io/ipfs/QmWNWmgdMtxpyofvTSVRFjzTugo71Q6WDy3Wq62pCeawUz/22","D:\github\ron-english-light-cult-0001-1000\data\generated\light-cult-image-match-powershell-only\run-20260514-145538\reference-images\Light-Cult-Crypto-Club-00022.png","461b3931311b1307","https://opensea.io/assets/ethereum/0xbe85fbd182af91290be7293438ae67549638189f/22","[{""trait_type"":""Background"",""value"":""Light Blue""},{""trait_type"":""Face"",""value"":""Basic (Light Blue)""},{""trait_type"":""Accessory"",""value"":""Winged Sunglasses""},{""trait_type"":""Hat"",""value"":""Helmet - Purple""}]"
"24","00024","","","ipfs://QmXpXg2KDaqtFwFutCx11Lib4BJ86RPkUpkxCJJCDSc5SL/24","https://ipfs.io/ipfs/QmXpXg2KDaqtFwFutCx11Lib4BJ86RPkUpkxCJJCDSc5SL/24","ipfs://QmWNWmgdMtxpyofvTSVRFjzTugo71Q6WDy3Wq62pCeawUz/24","https://gateway.pinata.cloud/ipfs/QmWNWmgdMtxpyofvTSVRFjzTugo71Q6WDy3Wq62pCeawUz/24","D:\github\ron-english-light-cult-0001-1000\data\generated\light-cult-image-match-powershell-only\run-20260514-145538\reference-images\Light-Cult-Crypto-Club-00024.png","080f07070f070f0f","https://opensea.io/assets/ethereum/0xbe85fbd182af91290be7293438ae67549638189f/24","[{""trait_type"":""Background"",""value"":""Mandala 9""},{""trait_type"":""Face"",""value"":""Smiley Face (Light Blue)""},{""trait_type"":""Body"",""value"":""Sweater Scarf""}]"
"26","00026","","","ipfs://QmXpXg2KDaqtFwFutCx11Lib4BJ86RPkUpkxCJJCDSc5SL/26","https://ipfs.io/ipfs/QmXpXg2KDaqtFwFutCx11Lib4BJ86RPkUpkxCJJCDSc5SL/26","ipfs://QmWNWmgdMtxpyofvTSVRFjzTugo71Q6WDy3Wq62pCeawUz/26","https://ipfs.io/ipfs/QmWNWmgdMtxpyofvTSVRFjzTugo71Q6WDy3Wq62pCeawUz/26","D:\github\ron-english-light-cult-0001-1000\data\generated\light-cult-image-match-powershell-only\run-20260514-145538\reference-images\Light-Cult-Crypto-Club-00026.png","5a78313131135246","https://opensea.io/assets/ethereum/0xbe85fbd182af91290be7293438ae67549638189f/26","[{""trait_type"":""Background"",""value"":""Yellow""},{""trait_type"":""Face"",""value"":""Smiley Face (Yellow)""},{""trait_type"":""Hat"",""value"":""Cowboy Hat""}]"
"27","00027","","","ipfs://QmXpXg2KDaqtFwFutCx11Lib4BJ86RPkUpkxCJJCDSc5SL/27","https://ipfs.io/ipfs/QmXpXg2KDaqtFwFutCx11Lib4BJ86RPkUpkxCJJCDSc5SL/27","ipfs://QmWNWmgdMtxpyofvTSVRFjzTugo71Q6WDy3Wq62pCeawUz/27","https://gateway.pinata.cloud/ipfs/QmWNWmgdMtxpyofvTSVRFjzTugo71Q6WDy3Wq62pCeawUz/27","D:\github\ron-english-light-cult-0001-1000\data\generated\light-cult-image-match-powershell-only\run-20260514-145538\reference-images\Light-Cult-Crypto-Club-00027.png","05050939191b1b17","https://opensea.io/assets/ethereum/0xbe85fbd182af91290be7293438ae67549638189f/27","[{""trait_type"":""Background"",""value"":""Mandala 5""},{""trait_type"":""Face"",""value"":""Smiley Face (Red)""},{""trait_type"":""Hat"",""value"":""Fez - Cathy Cowgirl""},{""trait_type"":""Body"",""value"":""Tanktop Sand""}]"
"28","00028","","","ipfs://QmXpXg2KDaqtFwFutCx11Lib4BJ86RPkUpkxCJJCDSc5SL/28","https://ipfs.io/ipfs/QmXpXg2KDaqtFwFutCx11Lib4BJ86RPkUpkxCJJCDSc5SL/28","ipfs://QmWNWmgdMtxpyofvTSVRFjzTugo71Q6WDy3Wq62pCeawUz/28","https://ipfs.io/ipfs/QmWNWmgdMtxpyofvTSVRFjzTugo71Q6WDy3Wq62pCeawUz/28","D:\github\ron-english-light-cult-0001-1000\data\generated\light-cult-image-match-powershell-only\run-20260514-145538\reference-images\Light-Cult-Crypto-Club-00028.png","06070f3113070f0f","https://opensea.io/assets/ethereum/0xbe85fbd182af91290be7293438ae67549638189f/28","[{""trait_type"":""Background"",""value"":""Mandala 18""},{""trait_type"":""Face"",""value"":""Smiley Face (Light Blue)""},{""trait_type"":""Accessory"",""value"":""Petal Bulb Earrings""},{""trait_type"":""Hat"",""value"":""Fez - StarSkull""}]"
"29","00029","","","ipfs://QmXpXg2KDaqtFwFutCx11Lib4BJ86RPkUpkxCJJCDSc5SL/29","https://ipfs.io/ipfs/QmXpXg2KDaqtFwFutCx11Lib4BJ86RPkUpkxCJJCDSc5SL/29","ipfs://QmWNWmgdMtxpyofvTSVRFjzTugo71Q6WDy3Wq62pCeawUz/29","https://ipfs.io/ipfs/QmWNWmgdMtxpyofvTSVRFjzTugo71Q6WDy3Wq62pCeawUz/29","D:\github\ron-english-light-cult-0001-1000\data\generated\light-cult-image-match-powershell-only\run-20260514-145538\reference-images\Light-Cult-Crypto-Club-00029.png","4652782931727e78","https://opensea.io/assets/ethereum/0xbe85fbd182af91290be7293438ae67549638189f/29","[{""trait_type"":""Background"",""value"":""Pink""},{""trait_type"":""Face"",""value"":""Ugly Ed""},{""trait_type"":""Body"",""value"":""Red Guitar""}]"
"30","00030","","","ipfs://QmXpXg2KDaqtFwFutCx11Lib4BJ86RPkUpkxCJJCDSc5SL/30","https://ipfs.io/ipfs/QmXpXg2KDaqtFwFutCx11Lib4BJ86RPkUpkxCJJCDSc5SL/30","ipfs://QmWNWmgdMtxpyofvTSVRFjzTugo71Q6WDy3Wq62pCeawUz/30","https://ipfs.io/ipfs/QmWNWmgdMtxpyofvTSVRFjzTugo71Q6WDy3Wq62pCeawUz/30","D:\github\ron-english-light-cult-0001-1000\data\generated\light-cult-image-match-powershell-only\run-20260514-145538\reference-images\Light-Cult-Crypto-Club-00030.png","000406060e06070f","https://opensea.io/assets/ethereum/0xbe85fbd182af91290be7293438ae67549638189f/30","[{""trait_type"":""Background"",""value"":""Black""},{""trait_type"":""Face"",""value"":""Cracked Smile""},{""trait_type"":""Body"",""value"":""Sweater Scarf""}]"
"31","00031","","","ipfs://QmXpXg2KDaqtFwFutCx11Lib4BJ86RPkUpkxCJJCDSc5SL/31","https://ipfs.io/ipfs/QmXpXg2KDaqtFwFutCx11Lib4BJ86RPkUpkxCJJCDSc5SL/31","ipfs://QmWNWmgdMtxpyofvTSVRFjzTugo71Q6WDy3Wq62pCeawUz/31","https://ipfs.io/ipfs/QmWNWmgdMtxpyofvTSVRFjzTugo71Q6WDy3Wq62pCeawUz/31","D:\github\ron-english-light-cult-0001-1000\data\generated\light-cult-image-match-powershell-only\run-20260514-145538\reference-images\Light-Cult-Crypto-Club-00031.png","060f1331131b0f07","https://opensea.io/assets/ethereum/0xbe85fbd182af91290be7293438ae67549638189f/31","[{""trait_type"":""Background"",""value"":""Mandala 6""},{""trait_type"":""Face"",""value"":""Smiley Face (Red)""},{""trait_type"":""Accessory"",""value"":""Ear Earrings""}]"
"32","00032","","","ipfs://QmXpXg2KDaqtFwFutCx11Lib4BJ86RPkUpkxCJJCDSc5SL/32","https://ipfs.io/ipfs/QmXpXg2KDaqtFwFutCx11Lib4BJ86RPkUpkxCJJCDSc5SL/32","ipfs://QmWNWmgdMtxpyofvTSVRFjzTugo71Q6WDy3Wq62pCeawUz/32","https://ipfs.io/ipfs/QmWNWmgdMtxpyofvTSVRFjzTugo71Q6WDy3Wq62pCeawUz/32","D:\github\ron-english-light-cult-0001-1000\data\generated\light-cult-image-match-powershell-only\run-20260514-145538\reference-images\Light-Cult-Crypto-Club-00032.png","961f111b1b171313","https://opensea.io/assets/ethereum/0xbe85fbd182af91290be7293438ae67549638189f/32","[{""trait_type"":""Status"",""value"":""Rare""},{""trait_type"":""Collection"",""value"":""Captain CaveLight""},{""trait_type"":""Variant"",""value"":""CC - V4""}]"
"33","00033","","","ipfs://QmXpXg2KDaqtFwFutCx11Lib4BJ86RPkUpkxCJJCDSc5SL/33","https://ipfs.io/ipfs/QmXpXg2KDaqtFwFutCx11Lib4BJ86RPkUpkxCJJCDSc5SL/33","ipfs://QmWNWmgdMtxpyofvTSVRFjzTugo71Q6WDy3Wq62pCeawUz/33","https://ipfs.io/ipfs/QmWNWmgdMtxpyofvTSVRFjzTugo71Q6WDy3Wq62pCeawUz/33","D:\github\ron-english-light-cult-0001-1000\data\generated\light-cult-image-match-powershell-only\run-20260514-145538\reference-images\Light-Cult-Crypto-Club-00033.png","1b1b193978391307","https://opensea.io/assets/ethereum/0xbe85fbd182af91290be7293438ae67549638189f/33","[{""trait_type"":""Background"",""value"":""Rainbow""},{""trait_type"":""Face"",""value"":""Seamonkey Bowl""},{""trait_type"":""Hat"",""value"":""Fez - Heart Lady""}]"
"34","00034","","","ipfs://QmXpXg2KDaqtFwFutCx11Lib4BJ86RPkUpkxCJJCDSc5SL/34","https://ipfs.io/ipfs/QmXpXg2KDaqtFwFutCx11Lib4BJ86RPkUpkxCJJCDSc5SL/34","ipfs://QmWNWmgdMtxpyofvTSVRFjzTugo71Q6WDy3Wq62pCeawUz/34","https://ipfs.io/ipfs/QmWNWmgdMtxpyofvTSVRFjzTugo71Q6WDy3Wq62pCeawUz/34","D:\github\ron-english-light-cult-0001-1000\data\generated\light-cult-image-match-powershell-only\run-20260514-145538\reference-images\Light-Cult-Crypto-Club-00034.png","52527078786c7070","https://opensea.io/assets/ethereum/0xbe85fbd182af91290be7293438ae67549638189f/34","[{""trait_type"":""Status"",""value"":""Rare""},{""trait_type"":""Collection"",""value"":""Starfish""},{""trait_type"":""Variant"",""value"":""PK - 5""}]"
"38","00038","","","ipfs://QmXpXg2KDaqtFwFutCx11Lib4BJ86RPkUpkxCJJCDSc5SL/38","https://ipfs.io/ipfs/QmXpXg2KDaqtFwFutCx11Lib4BJ86RPkUpkxCJJCDSc5SL/38","ipfs://QmWNWmgdMtxpyofvTSVRFjzTugo71Q6WDy3Wq62pCeawUz/38","https://ipfs.io/ipfs/QmWNWmgdMtxpyofvTSVRFjzTugo71Q6WDy3Wq62pCeawUz/38","D:\github\ron-english-light-cult-0001-1000\data\generated\light-cult-image-match-powershell-only\run-20260514-145538\reference-images\Light-Cult-Crypto-Club-00038.png","050d0f070d0b1b17","https://opensea.io/assets/ethereum/0xbe85fbd182af91290be7293438ae67549638189f/38","[{""trait_type"":""Background"",""value"":""Mandala 16""},{""trait_type"":""Face"",""value"":""Smiley Face (Pink)""},{""trait_type"":""Hat"",""value"":""Fez - Machete""},{""trait_type"":""Body"",""value"":""Tanktop Sand""}]"
"39","00039","","","ipfs://QmXpXg2KDaqtFwFutCx11Lib4BJ86RPkUpkxCJJCDSc5SL/39","https://ipfs.io/ipfs/QmXpXg2KDaqtFwFutCx11Lib4BJ86RPkUpkxCJJCDSc5SL/39","ipfs://QmWNWmgdMtxpyofvTSVRFjzTugo71Q6WDy3Wq62pCeawUz/39","https://ipfs.io/ipfs/QmWNWmgdMtxpyofvTSVRFjzTugo71Q6WDy3Wq62pCeawUz/39","D:\github\ron-english-light-cult-0001-1000\data\generated\light-cult-image-match-powershell-only\run-20260514-145538\reference-images\Light-Cult-Crypto-Club-00039.png","5a46646425311346","https://opensea.io/assets/ethereum/0xbe85fbd182af91290be7293438ae67549638189f/39","[{""trait_type"":""Status"",""value"":""Rare""},{""trait_type"":""Collection"",""value"":""Elephant""},{""trait_type"":""Variant"",""value"":""E - V6""}]"
"40","00040","","","ipfs://QmXpXg2KDaqtFwFutCx11Lib4BJ86RPkUpkxCJJCDSc5SL/40","https://ipfs.io/ipfs/QmXpXg2KDaqtFwFutCx11Lib4BJ86RPkUpkxCJJCDSc5SL/40","ipfs://QmWNWmgdMtxpyofvTSVRFjzTugo71Q6WDy3Wq62pCeawUz/40","https://ipfs.io/ipfs/QmWNWmgdMtxpyofvTSVRFjzTugo71Q6WDy3Wq62pCeawUz/40","D:\github\ron-english-light-cult-0001-1000\data\generated\light-cult-image-match-powershell-only\run-20260514-145538\reference-images\Light-Cult-Crypto-Club-00040.png","0e0f0f07070f3b27","https://opensea.io/assets/ethereum/0xbe85fbd182af91290be7293438ae67549638189f/40","[{""trait_type"":""Background"",""value"":""Mandala 7""},{""trait_type"":""Face"",""value"":""Basic (Light Blue)""},{""trait_type"":""Hat"",""value"":""Helmet - Purple""},{""trait_type"":""Body"",""value"":""M-16""}]"
"42","00042","","","ipfs://QmXpXg2KDaqtFwFutCx11Lib4BJ86RPkUpkxCJJCDSc5SL/42","https://ipfs.io/ipfs/QmXpXg2KDaqtFwFutCx11Lib4BJ86RPkUpkxCJJCDSc5SL/42","ipfs://QmWNWmgdMtxpyofvTSVRFjzTugo71Q6WDy3Wq62pCeawUz/42","https://ipfs.io/ipfs/QmWNWmgdMtxpyofvTSVRFjzTugo71Q6WDy3Wq62pCeawUz/42","D:\github\ron-english-light-cult-0001-1000\data\generated\light-cult-image-match-powershell-only\run-20260514-145538\reference-images\Light-Cult-Crypto-Club-00042.png","460e3939391b1b39","https://opensea.io/assets/ethereum/0xbe85fbd182af91290be7293438ae67549638189f/42","[{""trait_type"":""Background"",""value"":""Red""},{""trait_type"":""Face"",""value"":""Bomb""},{""trait_type"":""Body"",""value"":""Overalls Red""}]"
"43","00043","","","ipfs://QmXpXg2KDaqtFwFutCx11Lib4BJ86RPkUpkxCJJCDSc5SL/43","https://ipfs.io/ipfs/QmXpXg2KDaqtFwFutCx11Lib4BJ86RPkUpkxCJJCDSc5SL/43","ipfs://QmWNWmgdMtxpyofvTSVRFjzTugo71Q6WDy3Wq62pCeawUz/43","https://ipfs.io/ipfs/QmWNWmgdMtxpyofvTSVRFjzTugo71Q6WDy3Wq62pCeawUz/43","D:\github\ron-english-light-cult-0001-1000\data\generated\light-cult-image-match-powershell-only\run-20260514-145538\reference-images\Light-Cult-Crypto-Club-00043.png","52706c6e36307070","https://opensea.io/assets/ethereum/0xbe85fbd182af91290be7293438ae67549638189f/43","[{""trait_type"":""Background"",""value"":""Pink""},{""trait_type"":""Face"",""value"":""Quack Bowl""},{""trait_type"":""Hat"",""value"":""Helmet - Dino""},{""trait_type"":""Body"",""value"":""Tanktop Eye""}]"
"44","00044","","","ipfs://QmXpXg2KDaqtFwFutCx11Lib4BJ86RPkUpkxCJJCDSc5SL/44","https://ipfs.io/ipfs/QmXpXg2KDaqtFwFutCx11Lib4BJ86RPkUpkxCJJCDSc5SL/44","ipfs://QmWNWmgdMtxpyofvTSVRFjzTugo71Q6WDy3Wq62pCeawUz/44","https://ipfs.io/ipfs/QmWNWmgdMtxpyofvTSVRFjzTugo71Q6WDy3Wq62pCeawUz/44","D:\github\ron-english-light-cult-0001-1000\data\generated\light-cult-image-match-powershell-only\run-20260514-145538\reference-images\Light-Cult-Crypto-Club-00044.png","444e5239391b5246","https://opensea.io/assets/ethereum/0xbe85fbd182af91290be7293438ae67549638189f/44","[{""trait_type"":""Background"",""value"":""Yellow""},{""trait_type"":""Face"",""value"":""Octopus Bowl""}]"
"45","00045","","","ipfs://QmXpXg2KDaqtFwFutCx11Lib4BJ86RPkUpkxCJJCDSc5SL/45","https://ipfs.io/ipfs/QmXpXg2KDaqtFwFutCx11Lib4BJ86RPkUpkxCJJCDSc5SL/45","ipfs://QmWNWmgdMtxpyofvTSVRFjzTugo71Q6WDy3Wq62pCeawUz/45","https://ipfs.io/ipfs/QmWNWmgdMtxpyofvTSVRFjzTugo71Q6WDy3Wq62pCeawUz/45","D:\github\ron-english-light-cult-0001-1000\data\generated\light-cult-image-match-powershell-only\run-20260514-145538\reference-images\Light-Cult-Crypto-Club-00045.png","1339393164343a33","https://opensea.io/assets/ethereum/0xbe85fbd182af91290be7293438ae67549638189f/45","[{""trait_type"":""Background"",""value"":""Rainbow""},{""trait_type"":""Face"",""value"":""Smiley Face (Pink)""},{""trait_type"":""Hat"",""value"":""Police - Grin (Blue)""},{""trait_type"":""Body"",""value"":""Brown Guitar""}]"
"46","00046","","","ipfs://QmXpXg2KDaqtFwFutCx11Lib4BJ86RPkUpkxCJJCDSc5SL/46","https://ipfs.io/ipfs/QmXpXg2KDaqtFwFutCx11Lib4BJ86RPkUpkxCJJCDSc5SL/46","ipfs://QmWNWmgdMtxpyofvTSVRFjzTugo71Q6WDy3Wq62pCeawUz/46","https://ipfs.io/ipfs/QmWNWmgdMtxpyofvTSVRFjzTugo71Q6WDy3Wq62pCeawUz/46","D:\github\ron-english-light-cult-0001-1000\data\generated\light-cult-image-match-powershell-only\run-20260514-145538\reference-images\Light-Cult-Crypto-Club-00046.png","060f0f070707070f","https://opensea.io/assets/ethereum/0xbe85fbd182af91290be7293438ae67549638189f/46","[{""trait_type"":""Background"",""value"":""Mandala 2""},{""trait_type"":""Face"",""value"":""Smiley Face (Yellow)""},{""trait_type"":""Hat"",""value"":""Cone""}]"
"47","00047","","","ipfs://QmXpXg2KDaqtFwFutCx11Lib4BJ86RPkUpkxCJJCDSc5SL/47","https://ipfs.io/ipfs/QmXpXg2KDaqtFwFutCx11Lib4BJ86RPkUpkxCJJCDSc5SL/47","ipfs://QmWNWmgdMtxpyofvTSVRFjzTugo71Q6WDy3Wq62pCeawUz/47","https://ipfs.io/ipfs/QmWNWmgdMtxpyofvTSVRFjzTugo71Q6WDy3Wq62pCeawUz/47","D:\github\ron-english-light-cult-0001-1000\data\generated\light-cult-image-match-powershell-only\run-20260514-145538\reference-images\Light-Cult-Crypto-Club-00047.png","46131335131b1307","https://opensea.io/assets/ethereum/0xbe85fbd182af91290be7293438ae67549638189f/47","[{""trait_type"":""Background"",""value"":""Red""},{""trait_type"":""Face"",""value"":""Gun Mouth""},{""trait_type"":""Accessory"",""value"":""Winged Sunglasses""},{""trait_type"":""Hat"",""value"":""Scrap ARD""}]"
"48","00048","","","ipfs://QmXpXg2KDaqtFwFutCx11Lib4BJ86RPkUpkxCJJCDSc5SL/48","https://ipfs.io/ipfs/QmXpXg2KDaqtFwFutCx11Lib4BJ86RPkUpkxCJJCDSc5SL/48","ipfs://QmWNWmgdMtxpyofvTSVRFjzTugo71Q6WDy3Wq62pCeawUz/48","https://gateway.pinata.cloud/ipfs/QmWNWmgdMtxpyofvTSVRFjzTugo71Q6WDy3Wq62pCeawUz/48","D:\github\ron-english-light-cult-0001-1000\data\generated\light-cult-image-match-powershell-only\run-20260514-145538\reference-images\Light-Cult-Crypto-Club-00048.png","071b31397831311b","https://opensea.io/assets/ethereum/0xbe85fbd182af91290be7293438ae67549638189f/48","[{""trait_type"":""Background"",""value"":""Rainbow""},{""trait_type"":""Face"",""value"":""Basic (Red)""},{""trait_type"":""Accessory"",""value"":""Goggles""},{""trait_type"":""Hat"",""value"":""Carosoul Crown""},{""trait_type"":""Body"",""value"":""Mc Body""}]"
"49","00049","","","ipfs://QmXpXg2KDaqtFwFutCx11Lib4BJ86RPkUpkxCJJCDSc5SL/49","https://ipfs.io/ipfs/QmXpXg2KDaqtFwFutCx11Lib4BJ86RPkUpkxCJJCDSc5SL/49","ipfs://QmWNWmgdMtxpyofvTSVRFjzTugo71Q6WDy3Wq62pCeawUz/49","https://ipfs.io/ipfs/QmWNWmgdMtxpyofvTSVRFjzTugo71Q6WDy3Wq62pCeawUz/49","D:\github\ron-english-light-cult-0001-1000\data\generated\light-cult-image-match-powershell-only\run-20260514-145538\reference-images\Light-Cult-Crypto-Club-00049.png","4639191b1b131f19","https://opensea.io/assets/ethereum/0xbe85fbd182af91290be7293438ae67549638189f/49","[{""trait_type"":""Background"",""value"":""Red""},{""trait_type"":""Face"",""value"":""Smiley Face (Light Blue)""},{""trait_type"":""Accessory"",""value"":""Goggles""},{""trait_type"":""Hat"",""value"":""Police - Skull""},{""trait_type"":""Body"",""value"":""Red Guitar""}]"
"50","00050","","","ipfs://QmXpXg2KDaqtFwFutCx11Lib4BJ86RPkUpkxCJJCDSc5SL/50","https://ipfs.io/ipfs/QmXpXg2KDaqtFwFutCx11Lib4BJ86RPkUpkxCJJCDSc5SL/50","ipfs://QmWNWmgdMtxpyofvTSVRFjzTugo71Q6WDy3Wq62pCeawUz/50","https://ipfs.io/ipfs/QmWNWmgdMtxpyofvTSVRFjzTugo71Q6WDy3Wq62pCeawUz/50","D:\github\ron-english-light-cult-0001-1000\data\generated\light-cult-image-match-powershell-only\run-20260514-145538\reference-images\Light-Cult-Crypto-Club-00050.png","13c9cb0607099b97","https://opensea.io/assets/ethereum/0xbe85fbd182af91290be7293438ae67549638189f/50","[{""trait_type"":""Background"",""value"":""Mandala 27""},{""trait_type"":""Face"",""value"":""Blue Mask""},{""trait_type"":""Hat"",""value"":""Police - Brain""},{""trait_type"":""Body"",""value"":""Tanktop Mermaid""}]"
"51","00051","","","ipfs://QmXpXg2KDaqtFwFutCx11Lib4BJ86RPkUpkxCJJCDSc5SL/51","https://ipfs.io/ipfs/QmXpXg2KDaqtFwFutCx11Lib4BJ86RPkUpkxCJJCDSc5SL/51","ipfs://QmWNWmgdMtxpyofvTSVRFjzTugo71Q6WDy3Wq62pCeawUz/51","https://ipfs.io/ipfs/QmWNWmgdMtxpyofvTSVRFjzTugo71Q6WDy3Wq62pCeawUz/51","D:\github\ron-english-light-cult-0001-1000\data\generated\light-cult-image-match-powershell-only\run-20260514-145538\reference-images\Light-Cult-Crypto-Club-00051.png","060707070f070f07","https://opensea.io/assets/ethereum/0xbe85fbd182af91290be7293438ae67549638189f/51","[{""trait_type"":""Background"",""value"":""Mandala 15""},{""trait_type"":""Face"",""value"":""Cracked Smile""}]"
"53","00053","","","ipfs://QmXpXg2KDaqtFwFutCx11Lib4BJ86RPkUpkxCJJCDSc5SL/53","https://ipfs.io/ipfs/QmXpXg2KDaqtFwFutCx11Lib4BJ86RPkUpkxCJJCDSc5SL/53","ipfs://QmWNWmgdMtxpyofvTSVRFjzTugo71Q6WDy3Wq62pCeawUz/53","https://ipfs.io/ipfs/QmWNWmgdMtxpyofvTSVRFjzTugo71Q6WDy3Wq62pCeawUz/53","D:\github\ron-english-light-cult-0001-1000\data\generated\light-cult-image-match-powershell-only\run-20260514-145538\reference-images\Light-Cult-Crypto-Club-00053.png","46070725131b1307","https://opensea.io/assets/ethereum/0xbe85fbd182af91290be7293438ae67549638189f/53","[{""trait_type"":""Background"",""value"":""Red""},{""trait_type"":""Face"",""value"":""Smiley Face (Yellow)""},{""trait_type"":""Accessory"",""value"":""Winged Sunglasses""}]"
"54","00054","","","ipfs://QmXpXg2KDaqtFwFutCx11Lib4BJ86RPkUpkxCJJCDSc5SL/54","https://ipfs.io/ipfs/QmXpXg2KDaqtFwFutCx11Lib4BJ86RPkUpkxCJJCDSc5SL/54","ipfs://QmWNWmgdMtxpyofvTSVRFjzTugo71Q6WDy3Wq62pCeawUz/54","https://ipfs.io/ipfs/QmWNWmgdMtxpyofvTSVRFjzTugo71Q6WDy3Wq62pCeawUz/54","D:\github\ron-english-light-cult-0001-1000\data\generated\light-cult-image-match-powershell-only\run-20260514-145538\reference-images\Light-Cult-Crypto-Club-00054.png","0d19190d1b1b1b17","https://opensea.io/assets/ethereum/0xbe85fbd182af91290be7293438ae67549638189f/54","[{""trait_type"":""Background"",""value"":""Mandala 11""},{""trait_type"":""Face"",""value"":""Loch Ness Bowl""},{""trait_type"":""Body"",""value"":""Tanktop Bulb""}]"
"56","00056","","","ipfs://QmXpXg2KDaqtFwFutCx11Lib4BJ86RPkUpkxCJJCDSc5SL/56","https://ipfs.io/ipfs/QmXpXg2KDaqtFwFutCx11Lib4BJ86RPkUpkxCJJCDSc5SL/56","ipfs://QmWNWmgdMtxpyofvTSVRFjzTugo71Q6WDy3Wq62pCeawUz/56","https://ipfs.io/ipfs/QmWNWmgdMtxpyofvTSVRFjzTugo71Q6WDy3Wq62pCeawUz/56","D:\github\ron-english-light-cult-0001-1000\data\generated\light-cult-image-match-powershell-only\run-20260514-145538\reference-images\Light-Cult-Crypto-Club-00056.png","66070f0f0e460f07","https://opensea.io/assets/ethereum/0xbe85fbd182af91290be7293438ae67549638189f/56","[{""trait_type"":""Status"",""value"":""Rare""},{""trait_type"":""Collection"",""value"":""FrankenFat""},{""trait_type"":""Variant"",""value"":""FF - V7""}]"
"57","00057","","","ipfs://QmXpXg2KDaqtFwFutCx11Lib4BJ86RPkUpkxCJJCDSc5SL/57","https://ipfs.io/ipfs/QmXpXg2KDaqtFwFutCx11Lib4BJ86RPkUpkxCJJCDSc5SL/57","ipfs://QmWNWmgdMtxpyofvTSVRFjzTugo71Q6WDy3Wq62pCeawUz/57","https://ipfs.io/ipfs/QmWNWmgdMtxpyofvTSVRFjzTugo71Q6WDy3Wq62pCeawUz/57","D:\github\ron-english-light-cult-0001-1000\data\generated\light-cult-image-match-powershell-only\run-20260514-145538\reference-images\Light-Cult-Crypto-Club-00057.png","404062707cccc761","https://opensea.io/assets/ethereum/0xbe85fbd182af91290be7293438ae67549638189f/57","[{""trait_type"":""Status"",""value"":""Rare""},{""trait_type"":""Collection"",""value"":""Bulb Car""},{""trait_type"":""Variant"",""value"":""BC - V3""}]"
"58","00058","","","ipfs://QmXpXg2KDaqtFwFutCx11Lib4BJ86RPkUpkxCJJCDSc5SL/58","https://ipfs.io/ipfs/QmXpXg2KDaqtFwFutCx11Lib4BJ86RPkUpkxCJJCDSc5SL/58","ipfs://QmWNWmgdMtxpyofvTSVRFjzTugo71Q6WDy3Wq62pCeawUz/58","https://ipfs.io/ipfs/QmWNWmgdMtxpyofvTSVRFjzTugo71Q6WDy3Wq62pCeawUz/58","D:\github\ron-english-light-cult-0001-1000\data\generated\light-cult-image-match-powershell-only\run-20260514-145538\reference-images\Light-Cult-Crypto-Club-00058.png","0006071307070f0f","https://opensea.io/assets/ethereum/0xbe85fbd182af91290be7293438ae67549638189f/58","[{""trait_type"":""Background"",""value"":""Mandala 8""},{""trait_type"":""Face"",""value"":""Smiley Face (Yellow)""},{""trait_type"":""Accessory"",""value"":""Ear Earrings""}]"
"59","00059","","","ipfs://QmXpXg2KDaqtFwFutCx11Lib4BJ86RPkUpkxCJJCDSc5SL/59","https://ipfs.io/ipfs/QmXpXg2KDaqtFwFutCx11Lib4BJ86RPkUpkxCJJCDSc5SL/59","ipfs://QmWNWmgdMtxpyofvTSVRFjzTugo71Q6WDy3Wq62pCeawUz/59","https://ipfs.io/ipfs/QmWNWmgdMtxpyofvTSVRFjzTugo71Q6WDy3Wq62pCeawUz/59","D:\github\ron-english-light-cult-0001-1000\data\generated\light-cult-image-match-powershell-only\run-20260514-145538\reference-images\Light-Cult-Crypto-Club-00059.png","1b19393078303131","https://opensea.io/assets/ethereum/0xbe85fbd182af91290be7293438ae67549638189f/59","[{""trait_type"":""Background"",""value"":""Rainbow""},{""trait_type"":""Face"",""value"":""Loch Ness Bowl""},{""trait_type"":""Hat"",""value"":""Fez - Brain Bulb""},{""trait_type"":""Body"",""value"":""Tanktop Eye""}]"
"60","00060","","","ipfs://QmXpXg2KDaqtFwFutCx11Lib4BJ86RPkUpkxCJJCDSc5SL/60","https://ipfs.io/ipfs/QmXpXg2KDaqtFwFutCx11Lib4BJ86RPkUpkxCJJCDSc5SL/60","ipfs://QmWNWmgdMtxpyofvTSVRFjzTugo71Q6WDy3Wq62pCeawUz/60","https://ipfs.io/ipfs/QmWNWmgdMtxpyofvTSVRFjzTugo71Q6WDy3Wq62pCeawUz/60","D:\github\ron-english-light-cult-0001-1000\data\generated\light-cult-image-match-powershell-only\run-20260514-145538\reference-images\Light-Cult-Crypto-Club-00060.png","06070713070f0f07","https://opensea.io/assets/ethereum/0xbe85fbd182af91290be7293438ae67549638189f/60","[{""trait_type"":""Background"",""value"":""Mandala 5""},{""trait_type"":""Face"",""value"":""Smiley Face (Yellow)""},{""trait_type"":""Accessory"",""value"":""Broken Bulb Earrings""}]"
"62","00062","","","ipfs://QmXpXg2KDaqtFwFutCx11Lib4BJ86RPkUpkxCJJCDSc5SL/62","https://ipfs.io/ipfs/QmXpXg2KDaqtFwFutCx11Lib4BJ86RPkUpkxCJJCDSc5SL/62","ipfs://QmWNWmgdMtxpyofvTSVRFjzTugo71Q6WDy3Wq62pCeawUz/62","https://ipfs.io/ipfs/QmWNWmgdMtxpyofvTSVRFjzTugo71Q6WDy3Wq62pCeawUz/62","D:\github\ron-english-light-cult-0001-1000\data\generated\light-cult-image-match-powershell-only\run-20260514-145538\reference-images\Light-Cult-Crypto-Club-00062.png","06096931391b1b17","https://opensea.io/assets/ethereum/0xbe85fbd182af91290be7293438ae67549638189f/62","[{""trait_type"":""Background"",""value"":""Mandala 12""},{""trait_type"":""Face"",""value"":""Basic (Red)""},{""trait_type"":""Accessory"",""value"":""Fairy Wings""},{""trait_type"":""Body"",""value"":""Tanktop Eye""}]"
"63","00063","","","ipfs://QmXpXg2KDaqtFwFutCx11Lib4BJ86RPkUpkxCJJCDSc5SL/63","https://ipfs.io/ipfs/QmXpXg2KDaqtFwFutCx11Lib4BJ86RPkUpkxCJJCDSc5SL/63","ipfs://QmWNWmgdMtxpyofvTSVRFjzTugo71Q6WDy3Wq62pCeawUz/63","https://ipfs.io/ipfs/QmWNWmgdMtxpyofvTSVRFjzTugo71Q6WDy3Wq62pCeawUz/63","D:\github\ron-english-light-cult-0001-1000\data\generated\light-cult-image-match-powershell-only\run-20260514-145538\reference-images\Light-Cult-Crypto-Club-00063.png","0c0f0f071707070f","https://opensea.io/assets/ethereum/0xbe85fbd182af91290be7293438ae67549638189f/63","[{""trait_type"":""Status"",""value"":""Rare""},{""trait_type"":""Collection"",""value"":""Barney""},{""trait_type"":""Variant"",""value"":""BN - V5""}]"
"64","00064","","","ipfs://QmXpXg2KDaqtFwFutCx11Lib4BJ86RPkUpkxCJJCDSc5SL/64","https://ipfs.io/ipfs/QmXpXg2KDaqtFwFutCx11Lib4BJ86RPkUpkxCJJCDSc5SL/64","ipfs://QmWNWmgdMtxpyofvTSVRFjzTugo71Q6WDy3Wq62pCeawUz/64","https://ipfs.io/ipfs/QmWNWmgdMtxpyofvTSVRFjzTugo71Q6WDy3Wq62pCeawUz/64","D:\github\ron-english-light-cult-0001-1000\data\generated\light-cult-image-match-powershell-only\run-20260514-145538\reference-images\Light-Cult-Crypto-Club-00064.png","4e1b0f3139131224","https://opensea.io/assets/ethereum/0xbe85fbd182af91290be7293438ae67549638189f/64","[{""trait_type"":""Background"",""value"":""Red""},{""trait_type"":""Face"",""value"":""Puppy""},{""trait_type"":""Hat"",""value"":""Fez - Brain Bulb""},{""trait_type"":""Body"",""value"":""Snake Cage""}]"
"66","00066","","","ipfs://QmXpXg2KDaqtFwFutCx11Lib4BJ86RPkUpkxCJJCDSc5SL/66","https://ipfs.io/ipfs/QmXpXg2KDaqtFwFutCx11Lib4BJ86RPkUpkxCJJCDSc5SL/66","ipfs://QmWNWmgdMtxpyofvTSVRFjzTugo71Q6WDy3Wq62pCeawUz/66","https://ipfs.io/ipfs/QmWNWmgdMtxpyofvTSVRFjzTugo71Q6WDy3Wq62pCeawUz/66","D:\github\ron-english-light-cult-0001-1000\data\generated\light-cult-image-match-powershell-only\run-20260514-145538\reference-images\Light-Cult-Crypto-Club-00066.png","0008060f1f0f0206","https://opensea.io/assets/ethereum/0xbe85fbd182af91290be7293438ae67549638189f/66","[{""trait_type"":""Status"",""value"":""Rare""},{""trait_type"":""Collection"",""value"":""Stipple Collection""},{""trait_type"":""Variant"",""value"":""SP - V13""}]"
"67","00067","","","ipfs://QmXpXg2KDaqtFwFutCx11Lib4BJ86RPkUpkxCJJCDSc5SL/67","https://ipfs.io/ipfs/QmXpXg2KDaqtFwFutCx11Lib4BJ86RPkUpkxCJJCDSc5SL/67","ipfs://QmWNWmgdMtxpyofvTSVRFjzTugo71Q6WDy3Wq62pCeawUz/67","https://ipfs.io/ipfs/QmWNWmgdMtxpyofvTSVRFjzTugo71Q6WDy3Wq62pCeawUz/67","D:\github\ron-english-light-cult-0001-1000\data\generated\light-cult-image-match-powershell-only\run-20260514-145538\reference-images\Light-Cult-Crypto-Club-00067.png","040f07074f0d2d2d","https://opensea.io/assets/ethereum/0xbe85fbd182af91290be7293438ae67549638189f/67","[{""trait_type"":""Background"",""value"":""Mandala 9""},{""trait_type"":""Face"",""value"":""StarSkull Pink Face""},{""trait_type"":""Hat"",""value"":""Beanie Red""},{""trait_type"":""Body"",""value"":""Star Skull Body - Red""}]"
"68","00068","","","ipfs://QmXpXg2KDaqtFwFutCx11Lib4BJ86RPkUpkxCJJCDSc5SL/68","https://ipfs.io/ipfs/QmXpXg2KDaqtFwFutCx11Lib4BJ86RPkUpkxCJJCDSc5SL/68","ipfs://QmWNWmgdMtxpyofvTSVRFjzTugo71Q6WDy3Wq62pCeawUz/68","https://ipfs.io/ipfs/QmWNWmgdMtxpyofvTSVRFjzTugo71Q6WDy3Wq62pCeawUz/68","D:\github\ron-english-light-cult-0001-1000\data\generated\light-cult-image-match-powershell-only\run-20260514-145538\reference-images\Light-Cult-Crypto-Club-00068.png","444e30392d135246","https://opensea.io/assets/ethereum/0xbe85fbd182af91290be7293438ae67549638189f/68","[{""trait_type"":""Background"",""value"":""Yellow""},{""trait_type"":""Face"",""value"":""Diaper Mask""}]"
"69","00069","","","ipfs://QmXpXg2KDaqtFwFutCx11Lib4BJ86RPkUpkxCJJCDSc5SL/69","https://ipfs.io/ipfs/QmXpXg2KDaqtFwFutCx11Lib4BJ86RPkUpkxCJJCDSc5SL/69","ipfs://QmWNWmgdMtxpyofvTSVRFjzTugo71Q6WDy3Wq62pCeawUz/69","https://ipfs.io/ipfs/QmWNWmgdMtxpyofvTSVRFjzTugo71Q6WDy3Wq62pCeawUz/69","D:\github\ron-english-light-cult-0001-1000\data\generated\light-cult-image-match-powershell-only\run-20260514-145538\reference-images\Light-Cult-Crypto-Club-00069.png","050d0f0f070b1b17","https://opensea.io/assets/ethereum/0xbe85fbd182af91290be7293438ae67549638189f/69","[{""trait_type"":""Background"",""value"":""Mandala 5""},{""trait_type"":""Face"",""value"":""Quack Bowl""},{""trait_type"":""Hat"",""value"":""Helmet - Purple""},{""trait_type"":""Body"",""value"":""Tanktop Sand""}]"
"70","00070","","","ipfs://QmXpXg2KDaqtFwFutCx11Lib4BJ86RPkUpkxCJJCDSc5SL/70","https://ipfs.io/ipfs/QmXpXg2KDaqtFwFutCx11Lib4BJ86RPkUpkxCJJCDSc5SL/70","ipfs://QmWNWmgdMtxpyofvTSVRFjzTugo71Q6WDy3Wq62pCeawUz/70","https://ipfs.io/ipfs/QmWNWmgdMtxpyofvTSVRFjzTugo71Q6WDy3Wq62pCeawUz/70","D:\github\ron-english-light-cult-0001-1000\data\generated\light-cult-image-match-powershell-only\run-20260514-145538\reference-images\Light-Cult-Crypto-Club-00070.png","0e0f090f0f0b1507","https://opensea.io/assets/ethereum/0xbe85fbd182af91290be7293438ae67549638189f/70","[{""trait_type"":""Background"",""value"":""Mandala 20""},{""trait_type"":""Face"",""value"":""Seamonkey Bowl""}]"
"73","00073","","","ipfs://QmXpXg2KDaqtFwFutCx11Lib4BJ86RPkUpkxCJJCDSc5SL/73","https://ipfs.io/ipfs/QmXpXg2KDaqtFwFutCx11Lib4BJ86RPkUpkxCJJCDSc5SL/73","ipfs://QmWNWmgdMtxpyofvTSVRFjzTugo71Q6WDy3Wq62pCeawUz/73","https://ipfs.io/ipfs/QmWNWmgdMtxpyofvTSVRFjzTugo71Q6WDy3Wq62pCeawUz/73","D:\github\ron-english-light-cult-0001-1000\data\generated\light-cult-image-match-powershell-only\run-20260514-145538\reference-images\Light-Cult-Crypto-Club-00073.png","060f393152460717","https://opensea.io/assets/ethereum/0xbe85fbd182af91290be7293438ae67549638189f/73","[{""trait_type"":""Background"",""value"":""Mandala 19""},{""trait_type"":""Face"",""value"":""Smiley Face (Red)""},{""trait_type"":""Accessory"",""value"":""Water Spout""},{""trait_type"":""Hat"",""value"":""Police - Brain""},{""trait_type"":""Body"",""value"":""LightBulb Guitar""}]"
"74","00074","","","ipfs://QmXpXg2KDaqtFwFutCx11Lib4BJ86RPkUpkxCJJCDSc5SL/74","https://ipfs.io/ipfs/QmXpXg2KDaqtFwFutCx11Lib4BJ86RPkUpkxCJJCDSc5SL/74","ipfs://QmWNWmgdMtxpyofvTSVRFjzTugo71Q6WDy3Wq62pCeawUz/74","https://ipfs.io/ipfs/QmWNWmgdMtxpyofvTSVRFjzTugo71Q6WDy3Wq62pCeawUz/74","D:\github\ron-english-light-cult-0001-1000\data\generated\light-cult-image-match-powershell-only\run-20260514-145538\reference-images\Light-Cult-Crypto-Club-00074.png","0c0707070707070f","https://opensea.io/assets/ethereum/0xbe85fbd182af91290be7293438ae67549638189f/74","[{""trait_type"":""Status"",""value"":""Rare""},{""trait_type"":""Collection"",""value"":""Football Player""},{""trait_type"":""Variant"",""value"":""FP - V51""}]"
"75","00075","","","ipfs://QmXpXg2KDaqtFwFutCx11Lib4BJ86RPkUpkxCJJCDSc5SL/75","https://ipfs.io/ipfs/QmXpXg2KDaqtFwFutCx11Lib4BJ86RPkUpkxCJJCDSc5SL/75","ipfs://QmWNWmgdMtxpyofvTSVRFjzTugo71Q6WDy3Wq62pCeawUz/75","https://ipfs.io/ipfs/QmWNWmgdMtxpyofvTSVRFjzTugo71Q6WDy3Wq62pCeawUz/75","D:\github\ron-english-light-cult-0001-1000\data\generated\light-cult-image-match-powershell-only\run-20260514-145538\reference-images\Light-Cult-Crypto-Club-00075.png","0607070f0f07070f","https://opensea.io/assets/ethereum/0xbe85fbd182af91290be7293438ae67549638189f/75","[{""trait_type"":""Background"",""value"":""Mandala 2""},{""trait_type"":""Face"",""value"":""Basic (Light Blue)""},{""trait_type"":""Accessory"",""value"":""Goggles""},{""trait_type"":""Body"",""value"":""Overalls Brown""}]"
"76","00076","","","ipfs://QmXpXg2KDaqtFwFutCx11Lib4BJ86RPkUpkxCJJCDSc5SL/76","https://ipfs.io/ipfs/QmXpXg2KDaqtFwFutCx11Lib4BJ86RPkUpkxCJJCDSc5SL/76","ipfs://QmWNWmgdMtxpyofvTSVRFjzTugo71Q6WDy3Wq62pCeawUz/76","https://ipfs.io/ipfs/QmWNWmgdMtxpyofvTSVRFjzTugo71Q6WDy3Wq62pCeawUz/76","D:\github\ron-english-light-cult-0001-1000\data\generated\light-cult-image-match-powershell-only\run-20260514-145538\reference-images\Light-Cult-Crypto-Club-00076.png","13393931646c3907","https://opensea.io/assets/ethereum/0xbe85fbd182af91290be7293438ae67549638189f/76","[{""trait_type"":""Background"",""value"":""Rainbow""},{""trait_type"":""Face"",""value"":""Blue Mask""},{""trait_type"":""Hat"",""value"":""Police - Brain""},{""trait_type"":""Body"",""value"":""Cloud Body""}]"
"77","00077","","","ipfs://QmXpXg2KDaqtFwFutCx11Lib4BJ86RPkUpkxCJJCDSc5SL/77","https://ipfs.io/ipfs/QmXpXg2KDaqtFwFutCx11Lib4BJ86RPkUpkxCJJCDSc5SL/77","ipfs://QmWNWmgdMtxpyofvTSVRFjzTugo71Q6WDy3Wq62pCeawUz/77","https://ipfs.io/ipfs/QmWNWmgdMtxpyofvTSVRFjzTugo71Q6WDy3Wq62pCeawUz/77","D:\github\ron-english-light-cult-0001-1000\data\generated\light-cult-image-match-powershell-only\run-20260514-145538\reference-images\Light-Cult-Crypto-Club-00077.png","46070731131a1317","https://opensea.io/assets/ethereum/0xbe85fbd182af91290be7293438ae67549638189f/77","[{""trait_type"":""Background"",""value"":""Red""},{""trait_type"":""Face"",""value"":""Smiley Face (Yellow)""},{""trait_type"":""Body"",""value"":""LightBulb Guitar""}]"
"78","00078","","","ipfs://QmXpXg2KDaqtFwFutCx11Lib4BJ86RPkUpkxCJJCDSc5SL/78","https://ipfs.io/ipfs/QmXpXg2KDaqtFwFutCx11Lib4BJ86RPkUpkxCJJCDSc5SL/78","ipfs://QmWNWmgdMtxpyofvTSVRFjzTugo71Q6WDy3Wq62pCeawUz/78","https://ipfs.io/ipfs/QmWNWmgdMtxpyofvTSVRFjzTugo71Q6WDy3Wq62pCeawUz/78","D:\github\ron-english-light-cult-0001-1000\data\generated\light-cult-image-match-powershell-only\run-20260514-145538\reference-images\Light-Cult-Crypto-Club-00078.png","0e0f1a270f3f1903","https://opensea.io/assets/ethereum/0xbe85fbd182af91290be7293438ae67549638189f/78","[{""trait_type"":""Status"",""value"":""Rare""},{""trait_type"":""Collection"",""value"":""LightBulb Tank""},{""trait_type"":""Variant"",""value"":""LT - V20""}]"
"79","00079","","","ipfs://QmXpXg2KDaqtFwFutCx11Lib4BJ86RPkUpkxCJJCDSc5SL/79","https://ipfs.io/ipfs/QmXpXg2KDaqtFwFutCx11Lib4BJ86RPkUpkxCJJCDSc5SL/79","ipfs://QmWNWmgdMtxpyofvTSVRFjzTugo71Q6WDy3Wq62pCeawUz/79","https://ipfs.io/ipfs/QmWNWmgdMtxpyofvTSVRFjzTugo71Q6WDy3Wq62pCeawUz/79","D:\github\ron-english-light-cult-0001-1000\data\generated\light-cult-image-match-powershell-only\run-20260514-145538\reference-images\Light-Cult-Crypto-Club-00079.png","54c8cac6dac8c860","https://opensea.io/assets/ethereum/0xbe85fbd182af91290be7293438ae67549638189f/79","[{""trait_type"":""Status"",""value"":""Rare""},{""trait_type"":""Collection"",""value"":""Hot Air Balloon""},{""trait_type"":""Variant"",""value"":""HA - V4""}]"
"80","00080","","","ipfs://QmXpXg2KDaqtFwFutCx11Lib4BJ86RPkUpkxCJJCDSc5SL/80","https://ipfs.io/ipfs/QmXpXg2KDaqtFwFutCx11Lib4BJ86RPkUpkxCJJCDSc5SL/80","ipfs://QmWNWmgdMtxpyofvTSVRFjzTugo71Q6WDy3Wq62pCeawUz/80","https://ipfs.io/ipfs/QmWNWmgdMtxpyofvTSVRFjzTugo71Q6WDy3Wq62pCeawUz/80","D:\github\ron-english-light-cult-0001-1000\data\generated\light-cult-image-match-powershell-only\run-20260514-145538\reference-images\Light-Cult-Crypto-Club-00080.png","5a1b393131331913","https://opensea.io/assets/ethereum/0xbe85fbd182af91290be7293438ae67549638189f/80","[{""trait_type"":""Background"",""value"":""Light Blue""},{""trait_type"":""Face"",""value"":""Ship n Bowl""},{""trait_type"":""Hat"",""value"":""Fez - Double Donkey""},{""trait_type"":""Body"",""value"":""Dino Body""}]"
"81","00081","","","ipfs://QmXpXg2KDaqtFwFutCx11Lib4BJ86RPkUpkxCJJCDSc5SL/81","https://ipfs.io/ipfs/QmXpXg2KDaqtFwFutCx11Lib4BJ86RPkUpkxCJJCDSc5SL/81","ipfs://QmWNWmgdMtxpyofvTSVRFjzTugo71Q6WDy3Wq62pCeawUz/81","https://ipfs.io/ipfs/QmWNWmgdMtxpyofvTSVRFjzTugo71Q6WDy3Wq62pCeawUz/81","D:\github\ron-english-light-cult-0001-1000\data\generated\light-cult-image-match-powershell-only\run-20260514-145538\reference-images\Light-Cult-Crypto-Club-00081.png","040f0f3107050507","https://opensea.io/assets/ethereum/0xbe85fbd182af91290be7293438ae67549638189f/81","[{""trait_type"":""Background"",""value"":""Mandala 9""},{""trait_type"":""Face"",""value"":""Basic (Yellow)""},{""trait_type"":""Accessory"",""value"":""Goblin Ears""},{""trait_type"":""Hat"",""value"":""Helmet - Yellow""}]"
"82","00082","","","ipfs://QmXpXg2KDaqtFwFutCx11Lib4BJ86RPkUpkxCJJCDSc5SL/82","https://ipfs.io/ipfs/QmXpXg2KDaqtFwFutCx11Lib4BJ86RPkUpkxCJJCDSc5SL/82","ipfs://QmWNWmgdMtxpyofvTSVRFjzTugo71Q6WDy3Wq62pCeawUz/82","https://ipfs.io/ipfs/QmWNWmgdMtxpyofvTSVRFjzTugo71Q6WDy3Wq62pCeawUz/82","D:\github\ron-english-light-cult-0001-1000\data\generated\light-cult-image-match-powershell-only\run-20260514-145538\reference-images\Light-Cult-Crypto-Club-00082.png","4613053131131307","https://opensea.io/assets/ethereum/0xbe85fbd182af91290be7293438ae67549638189f/82","[{""trait_type"":""Background"",""value"":""Light Blue""},{""trait_type"":""Face"",""value"":""Smiley Face (Yellow)""},{""trait_type"":""Hat"",""value"":""Beanie Grey""}]"
"83","00083","","","ipfs://QmXpXg2KDaqtFwFutCx11Lib4BJ86RPkUpkxCJJCDSc5SL/83","https://ipfs.io/ipfs/QmXpXg2KDaqtFwFutCx11Lib4BJ86RPkUpkxCJJCDSc5SL/83","ipfs://QmWNWmgdMtxpyofvTSVRFjzTugo71Q6WDy3Wq62pCeawUz/83","https://ipfs.io/ipfs/QmWNWmgdMtxpyofvTSVRFjzTugo71Q6WDy3Wq62pCeawUz/83","D:\github\ron-english-light-cult-0001-1000\data\generated\light-cult-image-match-powershell-only\run-20260514-145538\reference-images\Light-Cult-Crypto-Club-00083.png","0004060606060707","https://opensea.io/assets/ethereum/0xbe85fbd182af91290be7293438ae67549638189f/83","[{""trait_type"":""Background"",""value"":""Black""},{""trait_type"":""Face"",""value"":""Basic (Yellow)""},{""trait_type"":""Body"",""value"":""Light Bulb Rib""}]"
"84","00084","","","ipfs://QmXpXg2KDaqtFwFutCx11Lib4BJ86RPkUpkxCJJCDSc5SL/84","https://ipfs.io/ipfs/QmXpXg2KDaqtFwFutCx11Lib4BJ86RPkUpkxCJJCDSc5SL/84","ipfs://QmWNWmgdMtxpyofvTSVRFjzTugo71Q6WDy3Wq62pCeawUz/84","https://ipfs.io/ipfs/QmWNWmgdMtxpyofvTSVRFjzTugo71Q6WDy3Wq62pCeawUz/84","D:\github\ron-english-light-cult-0001-1000\data\generated\light-cult-image-match-powershell-only\run-20260514-145538\reference-images\Light-Cult-Crypto-Club-00084.png","0e0f0731070f3b27","https://opensea.io/assets/ethereum/0xbe85fbd182af91290be7293438ae67549638189f/84","[{""trait_type"":""Background"",""value"":""Mandala 4""},{""trait_type"":""Face"",""value"":""Slash Hat (Rabbbit)""},{""trait_type"":""Body"",""value"":""M-16""}]"
"85","00085","","","ipfs://QmXpXg2KDaqtFwFutCx11Lib4BJ86RPkUpkxCJJCDSc5SL/85","https://ipfs.io/ipfs/QmXpXg2KDaqtFwFutCx11Lib4BJ86RPkUpkxCJJCDSc5SL/85","ipfs://QmWNWmgdMtxpyofvTSVRFjzTugo71Q6WDy3Wq62pCeawUz/85","https://ipfs.io/ipfs/QmWNWmgdMtxpyofvTSVRFjzTugo71Q6WDy3Wq62pCeawUz/85","D:\github\ron-english-light-cult-0001-1000\data\generated\light-cult-image-match-powershell-only\run-20260514-145538\reference-images\Light-Cult-Crypto-Club-00085.png","2507313164303e39","https://opensea.io/assets/ethereum/0xbe85fbd182af91290be7293438ae67549638189f/85","[{""trait_type"":""Background"",""value"":""Rainbow""},{""trait_type"":""Face"",""value"":""Smiley Face (Yellow)""},{""trait_type"":""Hat"",""value"":""Nurse Hat""},{""trait_type"":""Body"",""value"":""Red Guitar""}]"
"87","00087","","","ipfs://QmXpXg2KDaqtFwFutCx11Lib4BJ86RPkUpkxCJJCDSc5SL/87","https://ipfs.io/ipfs/QmXpXg2KDaqtFwFutCx11Lib4BJ86RPkUpkxCJJCDSc5SL/87","ipfs://QmWNWmgdMtxpyofvTSVRFjzTugo71Q6WDy3Wq62pCeawUz/87","https://ipfs.io/ipfs/QmWNWmgdMtxpyofvTSVRFjzTugo71Q6WDy3Wq62pCeawUz/87","D:\github\ron-english-light-cult-0001-1000\data\generated\light-cult-image-match-powershell-only\run-20260514-145538\reference-images\Light-Cult-Crypto-Club-00087.png","1b1b39313078310f","https://opensea.io/assets/ethereum/0xbe85fbd182af91290be7293438ae67549638189f/87","[{""trait_type"":""Background"",""value"":""Rainbow""},{""trait_type"":""Face"",""value"":""Ship n Bowl""},{""trait_type"":""Hat"",""value"":""Fez - StarSkull""},{""trait_type"":""Body"",""value"":""Cloud Body""}]"
"88","00088","","","ipfs://QmXpXg2KDaqtFwFutCx11Lib4BJ86RPkUpkxCJJCDSc5SL/88","https://ipfs.io/ipfs/QmXpXg2KDaqtFwFutCx11Lib4BJ86RPkUpkxCJJCDSc5SL/88","ipfs://QmWNWmgdMtxpyofvTSVRFjzTugo71Q6WDy3Wq62pCeawUz/88","https://ipfs.io/ipfs/QmWNWmgdMtxpyofvTSVRFjzTugo71Q6WDy3Wq62pCeawUz/88","D:\github\ron-english-light-cult-0001-1000\data\generated\light-cult-image-match-powershell-only\run-20260514-145538\reference-images\Light-Cult-Crypto-Club-00088.png","4652313931523178","https://opensea.io/assets/ethereum/0xbe85fbd182af91290be7293438ae67549638189f/88","[{""trait_type"":""Background"",""value"":""Pink""},{""trait_type"":""Face"",""value"":""Ice Cream Face""},{""trait_type"":""Body"",""value"":""Overalls Red""}]"
"89","00089","","","ipfs://QmXpXg2KDaqtFwFutCx11Lib4BJ86RPkUpkxCJJCDSc5SL/89","https://ipfs.io/ipfs/QmXpXg2KDaqtFwFutCx11Lib4BJ86RPkUpkxCJJCDSc5SL/89","ipfs://QmWNWmgdMtxpyofvTSVRFjzTugo71Q6WDy3Wq62pCeawUz/89","https://ipfs.io/ipfs/QmWNWmgdMtxpyofvTSVRFjzTugo71Q6WDy3Wq62pCeawUz/89","D:\github\ron-english-light-cult-0001-1000\data\generated\light-cult-image-match-powershell-only\run-20260514-145538\reference-images\Light-Cult-Crypto-Club-00089.png","050f0f0f070b1b17","https://opensea.io/assets/ethereum/0xbe85fbd182af91290be7293438ae67549638189f/89","[{""trait_type"":""Background"",""value"":""Mandala 2""},{""trait_type"":""Face"",""value"":""Ice Cream Face""},{""trait_type"":""Hat"",""value"":""Helmet - Purple""},{""trait_type"":""Body"",""value"":""Tanktop Mermaid""}]"
"90","00090","","","ipfs://QmXpXg2KDaqtFwFutCx11Lib4BJ86RPkUpkxCJJCDSc5SL/90","https://ipfs.io/ipfs/QmXpXg2KDaqtFwFutCx11Lib4BJ86RPkUpkxCJJCDSc5SL/90","ipfs://QmWNWmgdMtxpyofvTSVRFjzTugo71Q6WDy3Wq62pCeawUz/90","https://ipfs.io/ipfs/QmWNWmgdMtxpyofvTSVRFjzTugo71Q6WDy3Wq62pCeawUz/90","D:\github\ron-english-light-cult-0001-1000\data\generated\light-cult-image-match-powershell-only\run-20260514-145538\reference-images\Light-Cult-Crypto-Club-00090.png","0606070746440c00","https://opensea.io/assets/ethereum/0xbe85fbd182af91290be7293438ae67549638189f/90","[{""trait_type"":""Background"",""value"":""Black""},{""trait_type"":""Face"",""value"":""Smiley Face (Yellow)""},{""trait_type"":""Accessory"",""value"":""Water Spout""},{""trait_type"":""Hat"",""value"":""Nurse Hat""}]"
"91","00091","","","ipfs://QmXpXg2KDaqtFwFutCx11Lib4BJ86RPkUpkxCJJCDSc5SL/91","https://ipfs.io/ipfs/QmXpXg2KDaqtFwFutCx11Lib4BJ86RPkUpkxCJJCDSc5SL/91","ipfs://QmWNWmgdMtxpyofvTSVRFjzTugo71Q6WDy3Wq62pCeawUz/91","https://ipfs.io/ipfs/QmWNWmgdMtxpyofvTSVRFjzTugo71Q6WDy3Wq62pCeawUz/91","D:\github\ron-english-light-cult-0001-1000\data\generated\light-cult-image-match-powershell-only\run-20260514-145538\reference-images\Light-Cult-Crypto-Club-00091.png","060d0d350d0f1b17","https://opensea.io/assets/ethereum/0xbe85fbd182af91290be7293438ae67549638189f/91","[{""trait_type"":""Background"",""value"":""Black""},{""trait_type"":""Face"",""value"":""Smiley Face (Yellow)""},{""trait_type"":""Accessory"",""value"":""Goblin Ears""},{""trait_type"":""Hat"",""value"":""Nurse Hat""},{""trait_type"":""Body"",""value"":""Tanktop Bulb""}]"
"92","00092","","","ipfs://QmXpXg2KDaqtFwFutCx11Lib4BJ86RPkUpkxCJJCDSc5SL/92","https://ipfs.io/ipfs/QmXpXg2KDaqtFwFutCx11Lib4BJ86RPkUpkxCJJCDSc5SL/92","ipfs://QmWNWmgdMtxpyofvTSVRFjzTugo71Q6WDy3Wq62pCeawUz/92","https://ipfs.io/ipfs/QmWNWmgdMtxpyofvTSVRFjzTugo71Q6WDy3Wq62pCeawUz/92","D:\github\ron-english-light-cult-0001-1000\data\generated\light-cult-image-match-powershell-only\run-20260514-145538\reference-images\Light-Cult-Crypto-Club-00092.png","4652703138307070","https://opensea.io/assets/ethereum/0xbe85fbd182af91290be7293438ae67549638189f/92","[{""trait_type"":""Background"",""value"":""Pink""},{""trait_type"":""Face"",""value"":""Loch Ness Bowl""},{""trait_type"":""Body"",""value"":""Tanktop""}]"
"93","00093","","","ipfs://QmXpXg2KDaqtFwFutCx11Lib4BJ86RPkUpkxCJJCDSc5SL/93","https://ipfs.io/ipfs/QmXpXg2KDaqtFwFutCx11Lib4BJ86RPkUpkxCJJCDSc5SL/93","ipfs://QmWNWmgdMtxpyofvTSVRFjzTugo71Q6WDy3Wq62pCeawUz/93","https://ipfs.io/ipfs/QmWNWmgdMtxpyofvTSVRFjzTugo71Q6WDy3Wq62pCeawUz/93","D:\github\ron-english-light-cult-0001-1000\data\generated\light-cult-image-match-powershell-only\run-20260514-145538\reference-images\Light-Cult-Crypto-Club-00093.png","060f0f0707070f0f","https://opensea.io/assets/ethereum/0xbe85fbd182af91290be7293438ae67549638189f/93","[{""trait_type"":""Background"",""value"":""Mandala 8""},{""trait_type"":""Face"",""value"":""Basic (Pink)""},{""trait_type"":""Hat"",""value"":""Police - Skull""}]"
"94","00094","","","ipfs://QmXpXg2KDaqtFwFutCx11Lib4BJ86RPkUpkxCJJCDSc5SL/94","https://ipfs.io/ipfs/QmXpXg2KDaqtFwFutCx11Lib4BJ86RPkUpkxCJJCDSc5SL/94","ipfs://QmWNWmgdMtxpyofvTSVRFjzTugo71Q6WDy3Wq62pCeawUz/94","https://ipfs.io/ipfs/QmWNWmgdMtxpyofvTSVRFjzTugo71Q6WDy3Wq62pCeawUz/94","D:\github\ron-english-light-cult-0001-1000\data\generated\light-cult-image-match-powershell-only\run-20260514-145538\reference-images\Light-Cult-Crypto-Club-00094.png","06090d0d050b1b17","https://opensea.io/assets/ethereum/0xbe85fbd182af91290be7293438ae67549638189f/94","[{""trait_type"":""Background"",""value"":""Mandala 7""},{""trait_type"":""Face"",""value"":""Basic (Yellow)""},{""trait_type"":""Body"",""value"":""Tanktop Bulb""}]"
"95","00095","","","ipfs://QmXpXg2KDaqtFwFutCx11Lib4BJ86RPkUpkxCJJCDSc5SL/95","https://ipfs.io/ipfs/QmXpXg2KDaqtFwFutCx11Lib4BJ86RPkUpkxCJJCDSc5SL/95","ipfs://QmWNWmgdMtxpyofvTSVRFjzTugo71Q6WDy3Wq62pCeawUz/95","https://ipfs.io/ipfs/QmWNWmgdMtxpyofvTSVRFjzTugo71Q6WDy3Wq62pCeawUz/95","D:\github\ron-english-light-cult-0001-1000\data\generated\light-cult-image-match-powershell-only\run-20260514-145538\reference-images\Light-Cult-Crypto-Club-00095.png","523939252d133139","https://opensea.io/assets/ethereum/0xbe85fbd182af91290be7293438ae67549638189f/95","[{""trait_type"":""Background"",""value"":""Light Blue""},{""trait_type"":""Face"",""value"":""White Mask""},{""trait_type"":""Hat"",""value"":""Police - Brain""},{""trait_type"":""Body"",""value"":""Overalls Red""}]"
"96","00096","","","ipfs://QmXpXg2KDaqtFwFutCx11Lib4BJ86RPkUpkxCJJCDSc5SL/96","https://ipfs.io/ipfs/QmXpXg2KDaqtFwFutCx11Lib4BJ86RPkUpkxCJJCDSc5SL/96","ipfs://QmWNWmgdMtxpyofvTSVRFjzTugo71Q6WDy3Wq62pCeawUz/96","https://ipfs.io/ipfs/QmWNWmgdMtxpyofvTSVRFjzTugo71Q6WDy3Wq62pCeawUz/96","D:\github\ron-english-light-cult-0001-1000\data\generated\light-cult-image-match-powershell-only\run-20260514-145538\reference-images\Light-Cult-Crypto-Club-00096.png","06091909091b1b17","https://opensea.io/assets/ethereum/0xbe85fbd182af91290be7293438ae67549638189f/96","[{""trait_type"":""Background"",""value"":""Mandala 6""},{""trait_type"":""Face"",""value"":""Jesus Bowl""},{""trait_type"":""Hat"",""value"":""Police - Brain""},{""trait_type"":""Body"",""value"":""Tanktop Bulb""}]"
"97","00097","","","ipfs://QmXpXg2KDaqtFwFutCx11Lib4BJ86RPkUpkxCJJCDSc5SL/97","https://ipfs.io/ipfs/QmXpXg2KDaqtFwFutCx11Lib4BJ86RPkUpkxCJJCDSc5SL/97","ipfs://QmWNWmgdMtxpyofvTSVRFjzTugo71Q6WDy3Wq62pCeawUz/97","https://ipfs.io/ipfs/QmWNWmgdMtxpyofvTSVRFjzTugo71Q6WDy3Wq62pCeawUz/97","D:\github\ron-english-light-cult-0001-1000\data\generated\light-cult-image-match-powershell-only\run-20260514-145538\reference-images\Light-Cult-Crypto-Club-00097.png","66c4486e72686850","https://opensea.io/assets/ethereum/0xbe85fbd182af91290be7293438ae67549638189f/97","[{""trait_type"":""Status"",""value"":""Rare""},{""trait_type"":""Collection"",""value"":""Dinosaurs""},{""trait_type"":""Variant"",""value"":""DR - V4""}]"
"98","00098","","","ipfs://QmXpXg2KDaqtFwFutCx11Lib4BJ86RPkUpkxCJJCDSc5SL/98","https://ipfs.io/ipfs/QmXpXg2KDaqtFwFutCx11Lib4BJ86RPkUpkxCJJCDSc5SL/98","ipfs://QmWNWmgdMtxpyofvTSVRFjzTugo71Q6WDy3Wq62pCeawUz/98","https://ipfs.io/ipfs/QmWNWmgdMtxpyofvTSVRFjzTugo71Q6WDy3Wq62pCeawUz/98","D:\github\ron-english-light-cult-0001-1000\data\generated\light-cult-image-match-powershell-only\run-20260514-145538\reference-images\Light-Cult-Crypto-Club-00098.png","52393931391b1307","https://opensea.io/assets/ethereum/0xbe85fbd182af91290be7293438ae67549638189f/98","[{""trait_type"":""Background"",""value"":""Light Blue""},{""trait_type"":""Face"",""value"":""Basic (Red)""},{""trait_type"":""Hat"",""value"":""Police - Skull""}]"
"99","00099","","","ipfs://QmXpXg2KDaqtFwFutCx11Lib4BJ86RPkUpkxCJJCDSc5SL/99","https://ipfs.io/ipfs/QmXpXg2KDaqtFwFutCx11Lib4BJ86RPkUpkxCJJCDSc5SL/99","ipfs://QmWNWmgdMtxpyofvTSVRFjzTugo71Q6WDy3Wq62pCeawUz/99","https://ipfs.io/ipfs/QmWNWmgdMtxpyofvTSVRFjzTugo71Q6WDy3Wq62pCeawUz/99","D:\github\ron-english-light-cult-0001-1000\data\generated\light-cult-image-match-powershell-only\run-20260514-145538\reference-images\Light-Cult-Crypto-Club-00099.png","52527031311b5246","https://opensea.io/assets/ethereum/0xbe85fbd182af91290be7293438ae67549638189f/99","[{""trait_type"":""Background"",""value"":""Yellow""},{""trait_type"":""Face"",""value"":""Smiley Face (Pink)""},{""trait_type"":""Hat"",""value"":""Unicorn Crown""}]"
"100","00100","","","ipfs://QmXpXg2KDaqtFwFutCx11Lib4BJ86RPkUpkxCJJCDSc5SL/100","https://ipfs.io/ipfs/QmXpXg2KDaqtFwFutCx11Lib4BJ86RPkUpkxCJJCDSc5SL/100","ipfs://QmWNWmgdMtxpyofvTSVRFjzTugo71Q6WDy3Wq62pCeawUz/100","https://ipfs.io/ipfs/QmWNWmgdMtxpyofvTSVRFjzTugo71Q6WDy3Wq62pCeawUz/100","D:\github\ron-english-light-cult-0001-1000\data\generated\light-cult-image-match-powershell-only\run-20260514-145538\reference-images\Light-Cult-Crypto-Club-00100.png","4446303130303070","https://opensea.io/assets/ethereum/0xbe85fbd182af91290be7293438ae67549638189f/100","[{""trait_type"":""Background"",""value"":""Yellow""},{""trait_type"":""Face"",""value"":""Smiley Face (Light Blue)""},{""trait_type"":""Body"",""value"":""Tanktop""}]"
