"TokenNumber","TokenPadded","WorkID","ImagePath","ItemPage","Status","Note"
"1","0001","RE-001811","images/0001-0100/LCCC-0001.png","items/lccc-0001.html","OK",""
"2","0002","RE-001812","images/0001-0100/LCCC-0002.png","items/lccc-0002.html","OK",""
"3","0003","RE-001813","","items/lccc-0003.html","MISSING SOURCE IMAGE","No source image found for token #0003"
"4","0004","RE-001814","images/0001-0100/LCCC-0004.png","items/lccc-0004.html","OK",""
"5","0005","RE-001815","images/0001-0100/LCCC-0005.png","items/lccc-0005.html","OK",""
"6","0006","RE-001816","images/0001-0100/LCCC-0006.png","items/lccc-0006.html","OK",""
"7","0007","RE-001817","images/0001-0100/LCCC-0007.png","items/lccc-0007.html","OK",""
"8","0008","RE-001818","images/0001-0100/LCCC-0008.png","items/lccc-0008.html","OK",""
"9","0009","RE-001819","images/0001-0100/LCCC-0009.png","items/lccc-0009.html","OK",""
"10","0010","RE-001820","images/0001-0100/LCCC-0010.png","items/lccc-0010.html","OK",""
"11","0011","RE-001821","images/0001-0100/LCCC-0011.png","items/lccc-0011.html","OK",""
"12","0012","RE-001822","","items/lccc-0012.html","MISSING SOURCE IMAGE","No source image found for token #0012"
"13","0013","RE-001823","images/0001-0100/LCCC-0013.png","items/lccc-0013.html","OK",""
"14","0014","RE-001824","","items/lccc-0014.html","MISSING SOURCE IMAGE","No source image found for token #0014"
"15","0015","RE-001825","images/0001-0100/LCCC-0015.png","items/lccc-0015.html","OK",""
"16","0016","RE-001826","images/0001-0100/LCCC-0016.png","items/lccc-0016.html","OK",""
"17","0017","RE-001827","images/0001-0100/LCCC-0017.png","items/lccc-0017.html","OK",""
"18","0018","RE-001828","images/0001-0100/LCCC-0018.png","items/lccc-0018.html","OK",""
"19","0019","RE-001829","","items/lccc-0019.html","MISSING SOURCE IMAGE","No source image found for token #0019"
"20","0020","RE-001830","images/0001-0100/LCCC-0020.png","items/lccc-0020.html","OK",""
"21","0021","RE-001831","images/0001-0100/LCCC-0021.png","items/lccc-0021.html","OK",""
"22","0022","RE-001832","images/0001-0100/LCCC-0022.png","items/lccc-0022.html","OK",""
"23","0023","RE-001833","images/0001-0100/LCCC-0023.png","items/lccc-0023.html","OK",""
"24","0024","RE-001834","images/0001-0100/LCCC-0024.png","items/lccc-0024.html","OK",""
"25","0025","RE-001835","images/0001-0100/LCCC-0025.png","items/lccc-0025.html","OK",""
"26","0026","RE-001836","images/0001-0100/LCCC-0026.png","items/lccc-0026.html","OK",""
"27","0027","RE-001837","images/0001-0100/LCCC-0027.png","items/lccc-0027.html","OK",""
"28","0028","RE-001838","images/0001-0100/LCCC-0028.png","items/lccc-0028.html","OK",""
"29","0029","RE-001839","images/0001-0100/LCCC-0029.png","items/lccc-0029.html","OK",""
"30","0030","RE-001840","images/0001-0100/LCCC-0030.png","items/lccc-0030.html","OK",""
"31","0031","RE-001841","images/0001-0100/LCCC-0031.png","items/lccc-0031.html","OK",""
"32","0032","RE-001842","images/0001-0100/LCCC-0032.png","items/lccc-0032.html","OK",""
"33","0033","RE-001843","images/0001-0100/LCCC-0033.png","items/lccc-0033.html","OK",""
"34","0034","RE-001844","images/0001-0100/LCCC-0034.png","items/lccc-0034.html","OK",""
"35","0035","RE-001845","","items/lccc-0035.html","MISSING SOURCE IMAGE","No source image found for token #0035"
"36","0036","RE-001846","","items/lccc-0036.html","MISSING SOURCE IMAGE","No source image found for token #0036"
"37","0037","RE-001847","images/0001-0100/LCCC-0037.png","items/lccc-0037.html","OK",""
"38","0038","RE-001848","images/0001-0100/LCCC-0038.png","items/lccc-0038.html","OK",""
"39","0039","RE-001849","images/0001-0100/LCCC-0039.png","items/lccc-0039.html","OK",""
"40","0040","RE-001850","images/0001-0100/LCCC-0040.png","items/lccc-0040.html","OK",""
"41","0041","RE-001851","","items/lccc-0041.html","MISSING SOURCE IMAGE","No source image found for token #0041"
"42","0042","RE-001852","images/0001-0100/LCCC-0042.png","items/lccc-0042.html","OK",""
"43","0043","RE-001853","images/0001-0100/LCCC-0043.png","items/lccc-0043.html","OK",""
"44","0044","RE-001854","images/0001-0100/LCCC-0044.png","items/lccc-0044.html","OK",""
"45","0045","RE-001855","images/0001-0100/LCCC-0045.png","items/lccc-0045.html","OK",""
"46","0046","RE-001856","images/0001-0100/LCCC-0046.png","items/lccc-0046.html","OK",""
"47","0047","RE-001857","images/0001-0100/LCCC-0047.png","items/lccc-0047.html","OK",""
"48","0048","RE-001858","images/0001-0100/LCCC-0048.png","items/lccc-0048.html","OK",""
"49","0049","RE-001859","images/0001-0100/LCCC-0049.png","items/lccc-0049.html","OK",""
"50","0050","RE-001860","images/0001-0100/LCCC-0050.png","items/lccc-0050.html","OK",""
"51","0051","RE-001861","","items/lccc-0051.html","MISSING SOURCE IMAGE","No source image found for token #0051"
"52","0052","RE-001862","","items/lccc-0052.html","MISSING SOURCE IMAGE","No source image found for token #0052"
"53","0053","RE-001863","images/0001-0100/LCCC-0053.png","items/lccc-0053.html","OK",""
"54","0054","RE-001864","images/0001-0100/LCCC-0054.png","items/lccc-0054.html","OK",""
"55","0055","RE-001865","images/0001-0100/LCCC-0055.png","items/lccc-0055.html","OK",""
"56","0056","RE-001866","images/0001-0100/LCCC-0056.png","items/lccc-0056.html","OK",""
"57","0057","RE-001867","images/0001-0100/LCCC-0057.png","items/lccc-0057.html","OK",""
"58","0058","RE-001868","images/0001-0100/LCCC-0058.png","items/lccc-0058.html","OK",""
"59","0059","RE-001869","images/0001-0100/LCCC-0059.png","items/lccc-0059.html","OK",""
"60","0060","RE-001870","images/0001-0100/LCCC-0060.png","items/lccc-0060.html","OK",""
"61","0061","RE-001871","images/0001-0100/LCCC-0061.png","items/lccc-0061.html","OK",""
"62","0062","RE-001872","images/0001-0100/LCCC-0062.png","items/lccc-0062.html","OK",""
"63","0063","RE-001873","images/0001-0100/LCCC-0063.png","items/lccc-0063.html","OK",""
"64","0064","RE-001874","images/0001-0100/LCCC-0064.png","items/lccc-0064.html","OK",""
"65","0065","RE-001875","images/0001-0100/LCCC-0065.png","items/lccc-0065.html","OK",""
"66","0066","RE-001876","images/0001-0100/LCCC-0066.png","items/lccc-0066.html","OK",""
"67","0067","RE-001877","images/0001-0100/LCCC-0067.png","items/lccc-0067.html","OK",""
"68","0068","RE-001878","images/0001-0100/LCCC-0068.png","items/lccc-0068.html","OK",""
"69","0069","RE-001879","images/0001-0100/LCCC-0069.png","items/lccc-0069.html","OK",""
"70","0070","RE-001880","images/0001-0100/LCCC-0070.png","items/lccc-0070.html","OK",""
"71","0071","RE-001881","images/0001-0100/LCCC-0071.png","items/lccc-0071.html","OK",""
"72","0072","RE-001882","images/0001-0100/LCCC-0072.png","items/lccc-0072.html","OK",""
"73","0073","RE-001883","images/0001-0100/LCCC-0073.png","items/lccc-0073.html","OK",""
"74","0074","RE-001884","images/0001-0100/LCCC-0074.png","items/lccc-0074.html","OK",""
"75","0075","RE-001885","images/0001-0100/LCCC-0075.png","items/lccc-0075.html","OK",""
"76","0076","RE-001886","images/0001-0100/LCCC-0076.png","items/lccc-0076.html","OK",""
"77","0077","RE-001887","images/0001-0100/LCCC-0077.png","items/lccc-0077.html","OK",""
"78","0078","RE-001888","images/0001-0100/LCCC-0078.png","items/lccc-0078.html","OK",""
"79","0079","RE-001889","images/0001-0100/LCCC-0079.png","items/lccc-0079.html","OK",""
"80","0080","RE-001890","images/0001-0100/LCCC-0080.png","items/lccc-0080.html","OK",""
"81","0081","RE-001891","images/0001-0100/LCCC-0081.png","items/lccc-0081.html","OK",""
"82","0082","RE-001892","images/0001-0100/LCCC-0082.png","items/lccc-0082.html","OK",""
"83","0083","RE-001893","images/0001-0100/LCCC-0083.png","items/lccc-0083.html","OK",""
"84","0084","RE-001894","images/0001-0100/LCCC-0084.png","items/lccc-0084.html","OK",""
"85","0085","RE-001895","images/0001-0100/LCCC-0085.png","items/lccc-0085.html","OK",""
"86","0086","RE-001896","","items/lccc-0086.html","MISSING SOURCE IMAGE","No source image found for token #0086"
"87","0087","RE-001897","images/0001-0100/LCCC-0087.png","items/lccc-0087.html","OK",""
"88","0088","RE-001898","images/0001-0100/LCCC-0088.png","items/lccc-0088.html","OK",""
"89","0089","RE-001899","images/0001-0100/LCCC-0089.png","items/lccc-0089.html","OK",""
"90","0090","RE-001900","images/0001-0100/LCCC-0090.png","items/lccc-0090.html","OK",""
"91","0091","RE-001901","images/0001-0100/LCCC-0091.png","items/lccc-0091.html","OK",""
"92","0092","RE-001902","","items/lccc-0092.html","MISSING SOURCE IMAGE","No source image found for token #0092"
"93","0093","RE-001903","images/0001-0100/LCCC-0093.png","items/lccc-0093.html","OK",""
"94","0094","RE-001904","images/0001-0100/LCCC-0094.png","items/lccc-0094.html","OK",""
"95","0095","RE-001905","images/0001-0100/LCCC-0095.png","items/lccc-0095.html","OK",""
"96","0096","RE-001906","images/0001-0100/LCCC-0096.png","items/lccc-0096.html","OK",""
"97","0097","RE-001907","images/0001-0100/LCCC-0097.png","items/lccc-0097.html","OK",""
"98","0098","RE-001908","images/0001-0100/LCCC-0098.png","items/lccc-0098.html","OK",""
"99","0099","RE-001909","images/0001-0100/LCCC-0099.png","items/lccc-0099.html","OK",""
"100","0100","RE-001910","images/0001-0100/LCCC-0100.png","items/lccc-0100.html","OK",""
"101","0101","RE-001911","images/0101-0200/LCCC-0101.png","items/lccc-0101.html","OK",""
"102","0102","RE-001912","images/0101-0200/LCCC-0102.png","items/lccc-0102.html","OK",""
"103","0103","RE-001913","images/0101-0200/LCCC-0103.png","items/lccc-0103.html","OK",""
"104","0104","RE-001914","images/0101-0200/LCCC-0104.png","items/lccc-0104.html","OK",""
"105","0105","RE-001915","images/0101-0200/LCCC-0105.png","items/lccc-0105.html","OK",""
"106","0106","RE-001916","images/0101-0200/LCCC-0106.png","items/lccc-0106.html","OK",""
"107","0107","RE-001917","","items/lccc-0107.html","MISSING SOURCE IMAGE","No source image found for token #0107"
"108","0108","RE-001918","images/0101-0200/LCCC-0108.png","items/lccc-0108.html","OK",""
"109","0109","RE-001919","images/0101-0200/LCCC-0109.png","items/lccc-0109.html","OK",""
"110","0110","RE-001920","images/0101-0200/LCCC-0110.png","items/lccc-0110.html","OK",""
"111","0111","RE-001921","images/0101-0200/LCCC-0111.png","items/lccc-0111.html","OK",""
"112","0112","RE-001922","images/0101-0200/LCCC-0112.png","items/lccc-0112.html","OK",""
"113","0113","RE-001923","","items/lccc-0113.html","MISSING SOURCE IMAGE","No source image found for token #0113"
"114","0114","RE-001924","images/0101-0200/LCCC-0114.png","items/lccc-0114.html","OK",""
"115","0115","RE-001925","images/0101-0200/LCCC-0115.png","items/lccc-0115.html","OK",""
"116","0116","RE-001926","images/0101-0200/LCCC-0116.png","items/lccc-0116.html","OK",""
"117","0117","RE-001927","","items/lccc-0117.html","MISSING SOURCE IMAGE","No source image found for token #0117"
"118","0118","RE-001928","images/0101-0200/LCCC-0118.png","items/lccc-0118.html","OK",""
"119","0119","RE-001929","images/0101-0200/LCCC-0119.png","items/lccc-0119.html","OK",""
"120","0120","RE-001930","images/0101-0200/LCCC-0120.png","items/lccc-0120.html","OK",""
"121","0121","RE-001931","images/0101-0200/LCCC-0121.png","items/lccc-0121.html","OK",""
"122","0122","RE-001932","images/0101-0200/LCCC-0122.png","items/lccc-0122.html","OK",""
"123","0123","RE-001933","images/0101-0200/LCCC-0123.png","items/lccc-0123.html","OK",""
"124","0124","RE-001934","images/0101-0200/LCCC-0124.png","items/lccc-0124.html","OK",""
"125","0125","RE-001935","images/0101-0200/LCCC-0125.png","items/lccc-0125.html","OK",""
"126","0126","RE-001936","images/0101-0200/LCCC-0126.png","items/lccc-0126.html","OK",""
"127","0127","RE-001937","","items/lccc-0127.html","MISSING SOURCE IMAGE","No source image found for token #0127"
"128","0128","RE-001938","images/0101-0200/LCCC-0128.png","items/lccc-0128.html","OK",""
"129","0129","RE-001939","images/0101-0200/LCCC-0129.png","items/lccc-0129.html","OK",""
"130","0130","RE-001940","","items/lccc-0130.html","MISSING SOURCE IMAGE","No source image found for token #0130"
"131","0131","RE-001941","images/0101-0200/LCCC-0131.png","items/lccc-0131.html","OK",""
"132","0132","RE-001942","","items/lccc-0132.html","MISSING SOURCE IMAGE","No source image found for token #0132"
"133","0133","RE-001943","images/0101-0200/LCCC-0133.png","items/lccc-0133.html","OK",""
"134","0134","RE-001944","images/0101-0200/LCCC-0134.png","items/lccc-0134.html","OK",""
"135","0135","RE-001945","images/0101-0200/LCCC-0135.png","items/lccc-0135.html","OK",""
"136","0136","RE-001946","images/0101-0200/LCCC-0136.png","items/lccc-0136.html","OK",""
"137","0137","RE-001947","","items/lccc-0137.html","MISSING SOURCE IMAGE","No source image found for token #0137"
"138","0138","RE-001948","images/0101-0200/LCCC-0138.png","items/lccc-0138.html","OK",""
"139","0139","RE-001949","","items/lccc-0139.html","MISSING SOURCE IMAGE","No source image found for token #0139"
"140","0140","RE-001950","images/0101-0200/LCCC-0140.png","items/lccc-0140.html","OK",""
"141","0141","RE-001951","images/0101-0200/LCCC-0141.png","items/lccc-0141.html","OK",""
"142","0142","RE-001952","","items/lccc-0142.html","MISSING SOURCE IMAGE","No source image found for token #0142"
"143","0143","RE-001953","","items/lccc-0143.html","MISSING SOURCE IMAGE","No source image found for token #0143"
"144","0144","RE-001954","","items/lccc-0144.html","MISSING SOURCE IMAGE","No source image found for token #0144"
"145","0145","RE-001955","images/0101-0200/LCCC-0145.png","items/lccc-0145.html","OK",""
"146","0146","RE-001956","images/0101-0200/LCCC-0146.png","items/lccc-0146.html","OK",""
"147","0147","RE-001957","images/0101-0200/LCCC-0147.png","items/lccc-0147.html","OK",""
"148","0148","RE-001958","images/0101-0200/LCCC-0148.png","items/lccc-0148.html","OK",""
"149","0149","RE-001959","images/0101-0200/LCCC-0149.png","items/lccc-0149.html","OK",""
"150","0150","RE-001960","images/0101-0200/LCCC-0150.png","items/lccc-0150.html","OK",""
"151","0151","RE-001961","images/0101-0200/LCCC-0151.png","items/lccc-0151.html","OK",""
"152","0152","RE-001962","images/0101-0200/LCCC-0152.png","items/lccc-0152.html","OK",""
"153","0153","RE-001963","images/0101-0200/LCCC-0153.png","items/lccc-0153.html","OK",""
"154","0154","RE-001964","images/0101-0200/LCCC-0154.png","items/lccc-0154.html","OK",""
"155","0155","RE-001965","images/0101-0200/LCCC-0155.png","items/lccc-0155.html","OK",""
"156","0156","RE-001966","images/0101-0200/LCCC-0156.png","items/lccc-0156.html","OK",""
"157","0157","RE-001967","images/0101-0200/LCCC-0157.png","items/lccc-0157.html","OK",""
"158","0158","RE-001968","images/0101-0200/LCCC-0158.png","items/lccc-0158.html","OK",""
"159","0159","RE-001969","images/0101-0200/LCCC-0159.png","items/lccc-0159.html","OK",""
"160","0160","RE-001970","images/0101-0200/LCCC-0160.png","items/lccc-0160.html","OK",""
"161","0161","RE-001971","images/0101-0200/LCCC-0161.png","items/lccc-0161.html","OK",""
"162","0162","RE-001972","images/0101-0200/LCCC-0162.png","items/lccc-0162.html","OK",""
"163","0163","RE-001973","images/0101-0200/LCCC-0163.png","items/lccc-0163.html","OK",""
"164","0164","RE-001974","","items/lccc-0164.html","MISSING SOURCE IMAGE","No source image found for token #0164"
"165","0165","RE-001975","images/0101-0200/LCCC-0165.png","items/lccc-0165.html","OK",""
"166","0166","RE-001976","images/0101-0200/LCCC-0166.png","items/lccc-0166.html","OK",""
"167","0167","RE-001977","images/0101-0200/LCCC-0167.png","items/lccc-0167.html","OK",""
"168","0168","RE-001978","images/0101-0200/LCCC-0168.png","items/lccc-0168.html","OK",""
"169","0169","RE-001979","images/0101-0200/LCCC-0169.png","items/lccc-0169.html","OK",""
"170","0170","RE-001980","images/0101-0200/LCCC-0170.png","items/lccc-0170.html","OK",""
"171","0171","RE-001981","images/0101-0200/LCCC-0171.png","items/lccc-0171.html","OK",""
"172","0172","RE-001982","images/0101-0200/LCCC-0172.png","items/lccc-0172.html","OK",""
"173","0173","RE-001983","images/0101-0200/LCCC-0173.png","items/lccc-0173.html","OK",""
"174","0174","RE-001984","images/0101-0200/LCCC-0174.png","items/lccc-0174.html","OK",""
"175","0175","RE-001985","images/0101-0200/LCCC-0175.png","items/lccc-0175.html","OK",""
"176","0176","RE-001986","images/0101-0200/LCCC-0176.png","items/lccc-0176.html","OK",""
"177","0177","RE-001987","images/0101-0200/LCCC-0177.png","items/lccc-0177.html","OK",""
"178","0178","RE-001988","images/0101-0200/LCCC-0178.png","items/lccc-0178.html","OK",""
"179","0179","RE-001989","images/0101-0200/LCCC-0179.png","items/lccc-0179.html","OK",""
"180","0180","RE-001990","images/0101-0200/LCCC-0180.png","items/lccc-0180.html","OK",""
"181","0181","RE-001991","","items/lccc-0181.html","MISSING SOURCE IMAGE","No source image found for token #0181"
"182","0182","RE-001992","images/0101-0200/LCCC-0182.png","items/lccc-0182.html","OK",""
"183","0183","RE-001993","images/0101-0200/LCCC-0183.png","items/lccc-0183.html","OK",""
"184","0184","RE-001994","images/0101-0200/LCCC-0184.png","items/lccc-0184.html","OK",""
"185","0185","RE-001995","images/0101-0200/LCCC-0185.png","items/lccc-0185.html","OK",""
"186","0186","RE-001996","images/0101-0200/LCCC-0186.png","items/lccc-0186.html","OK",""
"187","0187","RE-001997","images/0101-0200/LCCC-0187.png","items/lccc-0187.html","OK",""
"188","0188","RE-001998","","items/lccc-0188.html","MISSING SOURCE IMAGE","No source image found for token #0188"
"189","0189","RE-001999","images/0101-0200/LCCC-0189.png","items/lccc-0189.html","OK",""
"190","0190","RE-002000","images/0101-0200/LCCC-0190.png","items/lccc-0190.html","OK",""
"191","0191","RE-002001","images/0101-0200/LCCC-0191.png","items/lccc-0191.html","OK",""
"192","0192","RE-002002","","items/lccc-0192.html","MISSING SOURCE IMAGE","No source image found for token #0192"
"193","0193","RE-002003","","items/lccc-0193.html","MISSING SOURCE IMAGE","No source image found for token #0193"
"194","0194","RE-002004","images/0101-0200/LCCC-0194.png","items/lccc-0194.html","OK",""
"195","0195","RE-002005","images/0101-0200/LCCC-0195.png","items/lccc-0195.html","OK",""
"196","0196","RE-002006","images/0101-0200/LCCC-0196.png","items/lccc-0196.html","OK",""
"197","0197","RE-002007","images/0101-0200/LCCC-0197.png","items/lccc-0197.html","OK",""
"198","0198","RE-002008","images/0101-0200/LCCC-0198.png","items/lccc-0198.html","OK",""
"199","0199","RE-002009","images/0101-0200/LCCC-0199.png","items/lccc-0199.html","OK",""
"200","0200","RE-002010","images/0101-0200/LCCC-0200.png","items/lccc-0200.html","OK",""
"201","0201","RE-002011","images/0201-0300/LCCC-0201.png","items/lccc-0201.html","OK",""
"202","0202","RE-002012","images/0201-0300/LCCC-0202.png","items/lccc-0202.html","OK",""
"203","0203","RE-002013","","items/lccc-0203.html","MISSING SOURCE IMAGE","No source image found for token #0203"
"204","0204","RE-002014","images/0201-0300/LCCC-0204.png","items/lccc-0204.html","OK",""
"205","0205","RE-002015","images/0201-0300/LCCC-0205.png","items/lccc-0205.html","OK",""
"206","0206","RE-002016","images/0201-0300/LCCC-0206.png","items/lccc-0206.html","OK",""
"207","0207","RE-002017","images/0201-0300/LCCC-0207.png","items/lccc-0207.html","OK",""
"208","0208","RE-002018","images/0201-0300/LCCC-0208.png","items/lccc-0208.html","OK",""
"209","0209","RE-002019","images/0201-0300/LCCC-0209.png","items/lccc-0209.html","OK",""
"210","0210","RE-002020","images/0201-0300/LCCC-0210.png","items/lccc-0210.html","OK",""
"211","0211","RE-002021","images/0201-0300/LCCC-0211.png","items/lccc-0211.html","OK",""
"212","0212","RE-002022","images/0201-0300/LCCC-0212.png","items/lccc-0212.html","OK",""
"213","0213","RE-002023","images/0201-0300/LCCC-0213.png","items/lccc-0213.html","OK",""
"214","0214","RE-002024","images/0201-0300/LCCC-0214.png","items/lccc-0214.html","OK",""
"215","0215","RE-002025","images/0201-0300/LCCC-0215.png","items/lccc-0215.html","OK",""
"216","0216","RE-002026","images/0201-0300/LCCC-0216.png","items/lccc-0216.html","OK",""
"217","0217","RE-002027","images/0201-0300/LCCC-0217.png","items/lccc-0217.html","OK",""
"218","0218","RE-002028","images/0201-0300/LCCC-0218.png","items/lccc-0218.html","OK",""
"219","0219","RE-002029","images/0201-0300/LCCC-0219.png","items/lccc-0219.html","OK",""
"220","0220","RE-002030","images/0201-0300/LCCC-0220.png","items/lccc-0220.html","OK",""
"221","0221","RE-002031","","items/lccc-0221.html","MISSING SOURCE IMAGE","No source image found for token #0221"
"222","0222","RE-002032","images/0201-0300/LCCC-0222.png","items/lccc-0222.html","OK",""
"223","0223","RE-002033","images/0201-0300/LCCC-0223.png","items/lccc-0223.html","OK",""
"224","0224","RE-002034","images/0201-0300/LCCC-0224.png","items/lccc-0224.html","OK",""
"225","0225","RE-002035","images/0201-0300/LCCC-0225.png","items/lccc-0225.html","OK",""
"226","0226","RE-002036","images/0201-0300/LCCC-0226.png","items/lccc-0226.html","OK",""
"227","0227","RE-002037","images/0201-0300/LCCC-0227.png","items/lccc-0227.html","OK",""
"228","0228","RE-002038","images/0201-0300/LCCC-0228.png","items/lccc-0228.html","OK",""
"229","0229","RE-002039","images/0201-0300/LCCC-0229.png","items/lccc-0229.html","OK",""
"230","0230","RE-002040","images/0201-0300/LCCC-0230.png","items/lccc-0230.html","OK",""
"231","0231","RE-002041","images/0201-0300/LCCC-0231.png","items/lccc-0231.html","OK",""
"232","0232","RE-002042","images/0201-0300/LCCC-0232.png","items/lccc-0232.html","OK",""
"233","0233","RE-002043","images/0201-0300/LCCC-0233.png","items/lccc-0233.html","OK",""
"234","0234","RE-002044","images/0201-0300/LCCC-0234.png","items/lccc-0234.html","OK",""
"235","0235","RE-002045","images/0201-0300/LCCC-0235.png","items/lccc-0235.html","OK",""
"236","0236","RE-002046","images/0201-0300/LCCC-0236.png","items/lccc-0236.html","OK",""
"237","0237","RE-002047","images/0201-0300/LCCC-0237.png","items/lccc-0237.html","OK",""
"238","0238","RE-002048","images/0201-0300/LCCC-0238.png","items/lccc-0238.html","OK",""
"239","0239","RE-002049","images/0201-0300/LCCC-0239.png","items/lccc-0239.html","OK",""
"240","0240","RE-002050","images/0201-0300/LCCC-0240.png","items/lccc-0240.html","OK",""
"241","0241","RE-002051","images/0201-0300/LCCC-0241.png","items/lccc-0241.html","OK",""
"242","0242","RE-002052","images/0201-0300/LCCC-0242.png","items/lccc-0242.html","OK",""
"243","0243","RE-002053","","items/lccc-0243.html","MISSING SOURCE IMAGE","No source image found for token #0243"
"244","0244","RE-002054","images/0201-0300/LCCC-0244.png","items/lccc-0244.html","OK",""
"245","0245","RE-002055","images/0201-0300/LCCC-0245.png","items/lccc-0245.html","OK",""
"246","0246","RE-002056","images/0201-0300/LCCC-0246.png","items/lccc-0246.html","OK",""
"247","0247","RE-002057","images/0201-0300/LCCC-0247.png","items/lccc-0247.html","OK",""
"248","0248","RE-002058","images/0201-0300/LCCC-0248.png","items/lccc-0248.html","OK",""
"249","0249","RE-002059","images/0201-0300/LCCC-0249.png","items/lccc-0249.html","OK",""
"250","0250","RE-002060","images/0201-0300/LCCC-0250.png","items/lccc-0250.html","OK",""
"251","0251","RE-002061","images/0201-0300/LCCC-0251.png","items/lccc-0251.html","OK",""
"252","0252","RE-002062","images/0201-0300/LCCC-0252.png","items/lccc-0252.html","OK",""
"253","0253","RE-002063","images/0201-0300/LCCC-0253.png","items/lccc-0253.html","OK",""
"254","0254","RE-002064","images/0201-0300/LCCC-0254.png","items/lccc-0254.html","OK",""
"255","0255","RE-002065","images/0201-0300/LCCC-0255.png","items/lccc-0255.html","OK",""
"256","0256","RE-002066","images/0201-0300/LCCC-0256.png","items/lccc-0256.html","OK",""
"257","0257","RE-002067","","items/lccc-0257.html","MISSING SOURCE IMAGE","No source image found for token #0257"
"258","0258","RE-002068","","items/lccc-0258.html","MISSING SOURCE IMAGE","No source image found for token #0258"
"259","0259","RE-002069","images/0201-0300/LCCC-0259.png","items/lccc-0259.html","OK",""
"260","0260","RE-002070","images/0201-0300/LCCC-0260.png","items/lccc-0260.html","OK",""
"261","0261","RE-002071","images/0201-0300/LCCC-0261.png","items/lccc-0261.html","OK",""
"262","0262","RE-002072","images/0201-0300/LCCC-0262.png","items/lccc-0262.html","OK",""
"263","0263","RE-002073","images/0201-0300/LCCC-0263.png","items/lccc-0263.html","OK",""
"264","0264","RE-002074","images/0201-0300/LCCC-0264.png","items/lccc-0264.html","OK",""
"265","0265","RE-002075","images/0201-0300/LCCC-0265.png","items/lccc-0265.html","OK",""
"266","0266","RE-002076","images/0201-0300/LCCC-0266.png","items/lccc-0266.html","OK",""
"267","0267","RE-002077","images/0201-0300/LCCC-0267.png","items/lccc-0267.html","OK",""
"268","0268","RE-002078","images/0201-0300/LCCC-0268.png","items/lccc-0268.html","OK",""
"269","0269","RE-002079","","items/lccc-0269.html","MISSING SOURCE IMAGE","No source image found for token #0269"
"270","0270","RE-002080","images/0201-0300/LCCC-0270.png","items/lccc-0270.html","OK",""
"271","0271","RE-002081","","items/lccc-0271.html","MISSING SOURCE IMAGE","No source image found for token #0271"
"272","0272","RE-002082","images/0201-0300/LCCC-0272.png","items/lccc-0272.html","OK",""
"273","0273","RE-002083","","items/lccc-0273.html","MISSING SOURCE IMAGE","No source image found for token #0273"
"274","0274","RE-002084","images/0201-0300/LCCC-0274.png","items/lccc-0274.html","OK",""
"275","0275","RE-002085","images/0201-0300/LCCC-0275.png","items/lccc-0275.html","OK",""
"276","0276","RE-002086","images/0201-0300/LCCC-0276.png","items/lccc-0276.html","OK",""
"277","0277","RE-002087","images/0201-0300/LCCC-0277.png","items/lccc-0277.html","OK",""
"278","0278","RE-002088","images/0201-0300/LCCC-0278.png","items/lccc-0278.html","OK",""
"279","0279","RE-002089","images/0201-0300/LCCC-0279.png","items/lccc-0279.html","OK",""
"280","0280","RE-002090","images/0201-0300/LCCC-0280.png","items/lccc-0280.html","OK",""
"281","0281","RE-002091","images/0201-0300/LCCC-0281.png","items/lccc-0281.html","OK",""
"282","0282","RE-002092","images/0201-0300/LCCC-0282.png","items/lccc-0282.html","OK",""
"283","0283","RE-002093","images/0201-0300/LCCC-0283.png","items/lccc-0283.html","OK",""
"284","0284","RE-002094","","items/lccc-0284.html","MISSING SOURCE IMAGE","No source image found for token #0284"
"285","0285","RE-002095","images/0201-0300/LCCC-0285.png","items/lccc-0285.html","OK",""
"286","0286","RE-002096","","items/lccc-0286.html","MISSING SOURCE IMAGE","No source image found for token #0286"
"287","0287","RE-002097","images/0201-0300/LCCC-0287.png","items/lccc-0287.html","OK",""
"288","0288","RE-002098","","items/lccc-0288.html","MISSING SOURCE IMAGE","No source image found for token #0288"
"289","0289","RE-002099","images/0201-0300/LCCC-0289.png","items/lccc-0289.html","OK",""
"290","0290","RE-002100","images/0201-0300/LCCC-0290.png","items/lccc-0290.html","OK",""
"291","0291","RE-002101","","items/lccc-0291.html","MISSING SOURCE IMAGE","No source image found for token #0291"
"292","0292","RE-002102","images/0201-0300/LCCC-0292.png","items/lccc-0292.html","OK",""
"293","0293","RE-002103","images/0201-0300/LCCC-0293.png","items/lccc-0293.html","OK",""
"294","0294","RE-002104","","items/lccc-0294.html","MISSING SOURCE IMAGE","No source image found for token #0294"
"295","0295","RE-002105","images/0201-0300/LCCC-0295.png","items/lccc-0295.html","OK",""
"296","0296","RE-002106","images/0201-0300/LCCC-0296.png","items/lccc-0296.html","OK",""
"297","0297","RE-002107","images/0201-0300/LCCC-0297.png","items/lccc-0297.html","OK",""
"298","0298","RE-002108","images/0201-0300/LCCC-0298.png","items/lccc-0298.html","OK",""
"299","0299","RE-002109","images/0201-0300/LCCC-0299.png","items/lccc-0299.html","OK",""
"300","0300","RE-002110","images/0201-0300/LCCC-0300.png","items/lccc-0300.html","OK",""
"301","0301","RE-002111","images/0301-0400/LCCC-0301.png","items/lccc-0301.html","OK",""
"302","0302","RE-002112","images/0301-0400/LCCC-0302.png","items/lccc-0302.html","OK",""
"303","0303","RE-002113","images/0301-0400/LCCC-0303.png","items/lccc-0303.html","OK",""
"304","0304","RE-002114","images/0301-0400/LCCC-0304.png","items/lccc-0304.html","OK",""
"305","0305","RE-002115","images/0301-0400/LCCC-0305.png","items/lccc-0305.html","OK",""
"306","0306","RE-002116","images/0301-0400/LCCC-0306.png","items/lccc-0306.html","OK",""
"307","0307","RE-002117","images/0301-0400/LCCC-0307.png","items/lccc-0307.html","OK",""
"308","0308","RE-002118","images/0301-0400/LCCC-0308.png","items/lccc-0308.html","OK",""
"309","0309","RE-002119","images/0301-0400/LCCC-0309.png","items/lccc-0309.html","OK",""
"310","0310","RE-002120","images/0301-0400/LCCC-0310.png","items/lccc-0310.html","OK",""
"311","0311","RE-002121","images/0301-0400/LCCC-0311.png","items/lccc-0311.html","OK",""
"312","0312","RE-002122","images/0301-0400/LCCC-0312.png","items/lccc-0312.html","OK",""
"313","0313","RE-002123","images/0301-0400/LCCC-0313.png","items/lccc-0313.html","OK",""
"314","0314","RE-002124","images/0301-0400/LCCC-0314.png","items/lccc-0314.html","OK",""
"315","0315","RE-002125","images/0301-0400/LCCC-0315.png","items/lccc-0315.html","OK",""
"316","0316","RE-002126","images/0301-0400/LCCC-0316.png","items/lccc-0316.html","OK",""
"317","0317","RE-002127","images/0301-0400/LCCC-0317.png","items/lccc-0317.html","OK",""
"318","0318","RE-002128","images/0301-0400/LCCC-0318.png","items/lccc-0318.html","OK",""
"319","0319","RE-002129","images/0301-0400/LCCC-0319.png","items/lccc-0319.html","OK",""
"320","0320","RE-002130","images/0301-0400/LCCC-0320.png","items/lccc-0320.html","OK",""
"321","0321","RE-002131","images/0301-0400/LCCC-0321.png","items/lccc-0321.html","OK",""
"322","0322","RE-002132","images/0301-0400/LCCC-0322.png","items/lccc-0322.html","OK",""
"323","0323","RE-002133","","items/lccc-0323.html","MISSING SOURCE IMAGE","No source image found for token #0323"
"324","0324","RE-002134","images/0301-0400/LCCC-0324.png","items/lccc-0324.html","OK",""
"325","0325","RE-002135","images/0301-0400/LCCC-0325.png","items/lccc-0325.html","OK",""
"326","0326","RE-002136","","items/lccc-0326.html","MISSING SOURCE IMAGE","No source image found for token #0326"
"327","0327","RE-002137","images/0301-0400/LCCC-0327.png","items/lccc-0327.html","OK",""
"328","0328","RE-002138","images/0301-0400/LCCC-0328.png","items/lccc-0328.html","OK",""
"329","0329","RE-002139","images/0301-0400/LCCC-0329.png","items/lccc-0329.html","OK",""
"330","0330","RE-002140","images/0301-0400/LCCC-0330.png","items/lccc-0330.html","OK",""
"331","0331","RE-002141","images/0301-0400/LCCC-0331.png","items/lccc-0331.html","OK",""
"332","0332","RE-002142","images/0301-0400/LCCC-0332.png","items/lccc-0332.html","OK",""
"333","0333","RE-002143","images/0301-0400/LCCC-0333.png","items/lccc-0333.html","OK",""
"334","0334","RE-002144","images/0301-0400/LCCC-0334.png","items/lccc-0334.html","OK",""
"335","0335","RE-002145","images/0301-0400/LCCC-0335.png","items/lccc-0335.html","OK",""
"336","0336","RE-002146","images/0301-0400/LCCC-0336.png","items/lccc-0336.html","OK",""
"337","0337","RE-002147","images/0301-0400/LCCC-0337.png","items/lccc-0337.html","OK",""
"338","0338","RE-002148","images/0301-0400/LCCC-0338.png","items/lccc-0338.html","OK",""
"339","0339","RE-002149","images/0301-0400/LCCC-0339.png","items/lccc-0339.html","OK",""
"340","0340","RE-002150","images/0301-0400/LCCC-0340.png","items/lccc-0340.html","OK",""
"341","0341","RE-002151","images/0301-0400/LCCC-0341.png","items/lccc-0341.html","OK",""
"342","0342","RE-002152","images/0301-0400/LCCC-0342.png","items/lccc-0342.html","OK",""
"343","0343","RE-002153","images/0301-0400/LCCC-0343.png","items/lccc-0343.html","OK",""
"344","0344","RE-002154","images/0301-0400/LCCC-0344.png","items/lccc-0344.html","OK",""
"345","0345","RE-002155","images/0301-0400/LCCC-0345.png","items/lccc-0345.html","OK",""
"346","0346","RE-002156","images/0301-0400/LCCC-0346.png","items/lccc-0346.html","OK",""
"347","0347","RE-002157","images/0301-0400/LCCC-0347.png","items/lccc-0347.html","OK",""
"348","0348","RE-002158","images/0301-0400/LCCC-0348.png","items/lccc-0348.html","OK",""
"349","0349","RE-002159","images/0301-0400/LCCC-0349.png","items/lccc-0349.html","OK",""
"350","0350","RE-002160","images/0301-0400/LCCC-0350.png","items/lccc-0350.html","OK",""
"351","0351","RE-002161","images/0301-0400/LCCC-0351.png","items/lccc-0351.html","OK",""
"352","0352","RE-002162","images/0301-0400/LCCC-0352.png","items/lccc-0352.html","OK",""
"353","0353","RE-002163","images/0301-0400/LCCC-0353.png","items/lccc-0353.html","OK",""
"354","0354","RE-002164","images/0301-0400/LCCC-0354.png","items/lccc-0354.html","OK",""
"355","0355","RE-002165","images/0301-0400/LCCC-0355.png","items/lccc-0355.html","OK",""
"356","0356","RE-002166","","items/lccc-0356.html","MISSING SOURCE IMAGE","No source image found for token #0356"
"357","0357","RE-002167","images/0301-0400/LCCC-0357.png","items/lccc-0357.html","OK",""
"358","0358","RE-002168","","items/lccc-0358.html","MISSING SOURCE IMAGE","No source image found for token #0358"
"359","0359","RE-002169","images/0301-0400/LCCC-0359.png","items/lccc-0359.html","OK",""
"360","0360","RE-002170","images/0301-0400/LCCC-0360.png","items/lccc-0360.html","OK",""
"361","0361","RE-002171","images/0301-0400/LCCC-0361.png","items/lccc-0361.html","OK",""
"362","0362","RE-002172","","items/lccc-0362.html","MISSING SOURCE IMAGE","No source image found for token #0362"
"363","0363","RE-002173","images/0301-0400/LCCC-0363.png","items/lccc-0363.html","OK",""
"364","0364","RE-002174","images/0301-0400/LCCC-0364.png","items/lccc-0364.html","OK",""
"365","0365","RE-002175","images/0301-0400/LCCC-0365.png","items/lccc-0365.html","OK",""
"366","0366","RE-002176","images/0301-0400/LCCC-0366.png","items/lccc-0366.html","OK",""
"367","0367","RE-002177","images/0301-0400/LCCC-0367.png","items/lccc-0367.html","OK",""
"368","0368","RE-002178","images/0301-0400/LCCC-0368.png","items/lccc-0368.html","OK",""
"369","0369","RE-002179","","items/lccc-0369.html","MISSING SOURCE IMAGE","No source image found for token #0369"
"370","0370","RE-002180","images/0301-0400/LCCC-0370.png","items/lccc-0370.html","OK",""
"371","0371","RE-002181","images/0301-0400/LCCC-0371.png","items/lccc-0371.html","OK",""
"372","0372","RE-002182","images/0301-0400/LCCC-0372.png","items/lccc-0372.html","OK",""
"373","0373","RE-002183","images/0301-0400/LCCC-0373.png","items/lccc-0373.html","OK",""
"374","0374","RE-002184","images/0301-0400/LCCC-0374.png","items/lccc-0374.html","OK",""
"375","0375","RE-002185","images/0301-0400/LCCC-0375.png","items/lccc-0375.html","OK",""
"376","0376","RE-002186","images/0301-0400/LCCC-0376.png","items/lccc-0376.html","OK",""
"377","0377","RE-002187","images/0301-0400/LCCC-0377.png","items/lccc-0377.html","OK",""
"378","0378","RE-002188","","items/lccc-0378.html","MISSING SOURCE IMAGE","No source image found for token #0378"
"379","0379","RE-002189","images/0301-0400/LCCC-0379.png","items/lccc-0379.html","OK",""
"380","0380","RE-002190","images/0301-0400/LCCC-0380.png","items/lccc-0380.html","OK",""
"381","0381","RE-002191","images/0301-0400/LCCC-0381.png","items/lccc-0381.html","OK",""
"382","0382","RE-002192","images/0301-0400/LCCC-0382.png","items/lccc-0382.html","OK",""
"383","0383","RE-002193","","items/lccc-0383.html","MISSING SOURCE IMAGE","No source image found for token #0383"
"384","0384","RE-002194","images/0301-0400/LCCC-0384.png","items/lccc-0384.html","OK",""
"385","0385","RE-002195","images/0301-0400/LCCC-0385.png","items/lccc-0385.html","OK",""
"386","0386","RE-002196","images/0301-0400/LCCC-0386.png","items/lccc-0386.html","OK",""
"387","0387","RE-002197","","items/lccc-0387.html","MISSING SOURCE IMAGE","No source image found for token #0387"
"388","0388","RE-002198","images/0301-0400/LCCC-0388.png","items/lccc-0388.html","OK",""
"389","0389","RE-002199","images/0301-0400/LCCC-0389.png","items/lccc-0389.html","OK",""
"390","0390","RE-002200","images/0301-0400/LCCC-0390.png","items/lccc-0390.html","OK",""
"391","0391","RE-002201","images/0301-0400/LCCC-0391.png","items/lccc-0391.html","OK",""
"392","0392","RE-002202","images/0301-0400/LCCC-0392.png","items/lccc-0392.html","OK",""
"393","0393","RE-002203","images/0301-0400/LCCC-0393.png","items/lccc-0393.html","OK",""
"394","0394","RE-002204","images/0301-0400/LCCC-0394.png","items/lccc-0394.html","OK",""
"395","0395","RE-002205","images/0301-0400/LCCC-0395.png","items/lccc-0395.html","OK",""
"396","0396","RE-002206","","items/lccc-0396.html","MISSING SOURCE IMAGE","No source image found for token #0396"
"397","0397","RE-002207","images/0301-0400/LCCC-0397.png","items/lccc-0397.html","OK",""
"398","0398","RE-002208","images/0301-0400/LCCC-0398.png","items/lccc-0398.html","OK",""
"399","0399","RE-002209","images/0301-0400/LCCC-0399.png","items/lccc-0399.html","OK",""
"400","0400","RE-002210","images/0301-0400/LCCC-0400.png","items/lccc-0400.html","OK",""
"401","0401","RE-002211","images/0401-0500/LCCC-0401.png","items/lccc-0401.html","OK",""
"402","0402","RE-002212","","items/lccc-0402.html","MISSING SOURCE IMAGE","No source image found for token #0402"
"403","0403","RE-002213","images/0401-0500/LCCC-0403.png","items/lccc-0403.html","OK",""
"404","0404","RE-002214","images/0401-0500/LCCC-0404.png","items/lccc-0404.html","OK",""
"405","0405","RE-002215","images/0401-0500/LCCC-0405.png","items/lccc-0405.html","OK",""
"406","0406","RE-002216","images/0401-0500/LCCC-0406.png","items/lccc-0406.html","OK",""
"407","0407","RE-002217","images/0401-0500/LCCC-0407.png","items/lccc-0407.html","OK",""
"408","0408","RE-002218","images/0401-0500/LCCC-0408.png","items/lccc-0408.html","OK",""
"409","0409","RE-002219","images/0401-0500/LCCC-0409.png","items/lccc-0409.html","OK",""
"410","0410","RE-002220","images/0401-0500/LCCC-0410.png","items/lccc-0410.html","OK",""
"411","0411","RE-002221","images/0401-0500/LCCC-0411.png","items/lccc-0411.html","OK",""
"412","0412","RE-002222","images/0401-0500/LCCC-0412.png","items/lccc-0412.html","OK",""
"413","0413","RE-002223","images/0401-0500/LCCC-0413.png","items/lccc-0413.html","OK",""
"414","0414","RE-002224","images/0401-0500/LCCC-0414.png","items/lccc-0414.html","OK",""
"415","0415","RE-002225","images/0401-0500/LCCC-0415.png","items/lccc-0415.html","OK",""
"416","0416","RE-002226","","items/lccc-0416.html","MISSING SOURCE IMAGE","No source image found for token #0416"
"417","0417","RE-002227","images/0401-0500/LCCC-0417.png","items/lccc-0417.html","OK",""
"418","0418","RE-002228","images/0401-0500/LCCC-0418.png","items/lccc-0418.html","OK",""
"419","0419","RE-002229","images/0401-0500/LCCC-0419.png","items/lccc-0419.html","OK",""
"420","0420","RE-002230","images/0401-0500/LCCC-0420.png","items/lccc-0420.html","OK",""
"421","0421","RE-002231","images/0401-0500/LCCC-0421.png","items/lccc-0421.html","OK",""
"422","0422","RE-002232","images/0401-0500/LCCC-0422.png","items/lccc-0422.html","OK",""
"423","0423","RE-002233","images/0401-0500/LCCC-0423.png","items/lccc-0423.html","OK",""
"424","0424","RE-002234","images/0401-0500/LCCC-0424.png","items/lccc-0424.html","OK",""
"425","0425","RE-002235","images/0401-0500/LCCC-0425.png","items/lccc-0425.html","OK",""
"426","0426","RE-002236","images/0401-0500/LCCC-0426.png","items/lccc-0426.html","OK",""
"427","0427","RE-002237","images/0401-0500/LCCC-0427.png","items/lccc-0427.html","OK",""
"428","0428","RE-002238","","items/lccc-0428.html","MISSING SOURCE IMAGE","No source image found for token #0428"
"429","0429","RE-002239","images/0401-0500/LCCC-0429.png","items/lccc-0429.html","OK",""
"430","0430","RE-002240","images/0401-0500/LCCC-0430.png","items/lccc-0430.html","OK",""
"431","0431","RE-002241","images/0401-0500/LCCC-0431.png","items/lccc-0431.html","OK",""
"432","0432","RE-002242","images/0401-0500/LCCC-0432.png","items/lccc-0432.html","OK",""
"433","0433","RE-002243","images/0401-0500/LCCC-0433.png","items/lccc-0433.html","OK",""
"434","0434","RE-002244","images/0401-0500/LCCC-0434.png","items/lccc-0434.html","OK",""
"435","0435","RE-002245","","items/lccc-0435.html","MISSING SOURCE IMAGE","No source image found for token #0435"
"436","0436","RE-002246","images/0401-0500/LCCC-0436.png","items/lccc-0436.html","OK",""
"437","0437","RE-002247","images/0401-0500/LCCC-0437.png","items/lccc-0437.html","OK",""
"438","0438","RE-002248","images/0401-0500/LCCC-0438.png","items/lccc-0438.html","OK",""
"439","0439","RE-002249","","items/lccc-0439.html","MISSING SOURCE IMAGE","No source image found for token #0439"
"440","0440","RE-002250","images/0401-0500/LCCC-0440.png","items/lccc-0440.html","OK",""
"441","0441","RE-002251","images/0401-0500/LCCC-0441.png","items/lccc-0441.html","OK",""
"442","0442","RE-002252","images/0401-0500/LCCC-0442.png","items/lccc-0442.html","OK",""
"443","0443","RE-002253","images/0401-0500/LCCC-0443.png","items/lccc-0443.html","OK",""
"444","0444","RE-002254","images/0401-0500/LCCC-0444.png","items/lccc-0444.html","OK",""
"445","0445","RE-002255","","items/lccc-0445.html","MISSING SOURCE IMAGE","No source image found for token #0445"
"446","0446","RE-002256","images/0401-0500/LCCC-0446.png","items/lccc-0446.html","OK",""
"447","0447","RE-002257","images/0401-0500/LCCC-0447.png","items/lccc-0447.html","OK",""
"448","0448","RE-002258","images/0401-0500/LCCC-0448.png","items/lccc-0448.html","OK",""
"449","0449","RE-002259","images/0401-0500/LCCC-0449.png","items/lccc-0449.html","OK",""
"450","0450","RE-002260","images/0401-0500/LCCC-0450.png","items/lccc-0450.html","OK",""
"451","0451","RE-002261","images/0401-0500/LCCC-0451.png","items/lccc-0451.html","OK",""
"452","0452","RE-002262","images/0401-0500/LCCC-0452.png","items/lccc-0452.html","OK",""
"453","0453","RE-002263","images/0401-0500/LCCC-0453.png","items/lccc-0453.html","OK",""
"454","0454","RE-002264","","items/lccc-0454.html","MISSING SOURCE IMAGE","No source image found for token #0454"
"455","0455","RE-002265","images/0401-0500/LCCC-0455.png","items/lccc-0455.html","OK",""
"456","0456","RE-002266","images/0401-0500/LCCC-0456.png","items/lccc-0456.html","OK",""
"457","0457","RE-002267","images/0401-0500/LCCC-0457.png","items/lccc-0457.html","OK",""
"458","0458","RE-002268","images/0401-0500/LCCC-0458.png","items/lccc-0458.html","OK",""
"459","0459","RE-002269","images/0401-0500/LCCC-0459.png","items/lccc-0459.html","OK",""
"460","0460","RE-002270","","items/lccc-0460.html","MISSING SOURCE IMAGE","No source image found for token #0460"
"461","0461","RE-002271","images/0401-0500/LCCC-0461.png","items/lccc-0461.html","OK",""
"462","0462","RE-002272","images/0401-0500/LCCC-0462.png","items/lccc-0462.html","OK",""
"463","0463","RE-002273","images/0401-0500/LCCC-0463.png","items/lccc-0463.html","OK",""
"464","0464","RE-002274","images/0401-0500/LCCC-0464.png","items/lccc-0464.html","OK",""
"465","0465","RE-002275","images/0401-0500/LCCC-0465.png","items/lccc-0465.html","OK",""
"466","0466","RE-002276","images/0401-0500/LCCC-0466.png","items/lccc-0466.html","OK",""
"467","0467","RE-002277","images/0401-0500/LCCC-0467.png","items/lccc-0467.html","OK",""
"468","0468","RE-002278","images/0401-0500/LCCC-0468.png","items/lccc-0468.html","OK",""
"469","0469","RE-002279","images/0401-0500/LCCC-0469.png","items/lccc-0469.html","OK",""
"470","0470","RE-002280","images/0401-0500/LCCC-0470.png","items/lccc-0470.html","OK",""
"471","0471","RE-002281","images/0401-0500/LCCC-0471.png","items/lccc-0471.html","OK",""
"472","0472","RE-002282","","items/lccc-0472.html","MISSING SOURCE IMAGE","No source image found for token #0472"
"473","0473","RE-002283","images/0401-0500/LCCC-0473.png","items/lccc-0473.html","OK",""
"474","0474","RE-002284","","items/lccc-0474.html","MISSING SOURCE IMAGE","No source image found for token #0474"
"475","0475","RE-002285","images/0401-0500/LCCC-0475.png","items/lccc-0475.html","OK",""
"476","0476","RE-002286","images/0401-0500/LCCC-0476.png","items/lccc-0476.html","OK",""
"477","0477","RE-002287","images/0401-0500/LCCC-0477.png","items/lccc-0477.html","OK",""
"478","0478","RE-002288","images/0401-0500/LCCC-0478.png","items/lccc-0478.html","OK",""
"479","0479","RE-002289","","items/lccc-0479.html","MISSING SOURCE IMAGE","No source image found for token #0479"
"480","0480","RE-002290","images/0401-0500/LCCC-0480.png","items/lccc-0480.html","OK",""
"481","0481","RE-002291","images/0401-0500/LCCC-0481.png","items/lccc-0481.html","OK",""
"482","0482","RE-002292","images/0401-0500/LCCC-0482.png","items/lccc-0482.html","OK",""
"483","0483","RE-002293","images/0401-0500/LCCC-0483.png","items/lccc-0483.html","OK",""
"484","0484","RE-002294","images/0401-0500/LCCC-0484.png","items/lccc-0484.html","OK",""
"485","0485","RE-002295","images/0401-0500/LCCC-0485.png","items/lccc-0485.html","OK",""
"486","0486","RE-002296","images/0401-0500/LCCC-0486.png","items/lccc-0486.html","OK",""
"487","0487","RE-002297","images/0401-0500/LCCC-0487.png","items/lccc-0487.html","OK",""
"488","0488","RE-002298","","items/lccc-0488.html","MISSING SOURCE IMAGE","No source image found for token #0488"
"489","0489","RE-002299","","items/lccc-0489.html","MISSING SOURCE IMAGE","No source image found for token #0489"
"490","0490","RE-002300","images/0401-0500/LCCC-0490.png","items/lccc-0490.html","OK",""
"491","0491","RE-002301","images/0401-0500/LCCC-0491.png","items/lccc-0491.html","OK",""
"492","0492","RE-002302","images/0401-0500/LCCC-0492.png","items/lccc-0492.html","OK",""
"493","0493","RE-002303","images/0401-0500/LCCC-0493.png","items/lccc-0493.html","OK",""
"494","0494","RE-002304","images/0401-0500/LCCC-0494.png","items/lccc-0494.html","OK",""
"495","0495","RE-002305","images/0401-0500/LCCC-0495.png","items/lccc-0495.html","OK",""
"496","0496","RE-002306","images/0401-0500/LCCC-0496.png","items/lccc-0496.html","OK",""
"497","0497","RE-002307","images/0401-0500/LCCC-0497.png","items/lccc-0497.html","OK",""
"498","0498","RE-002308","images/0401-0500/LCCC-0498.png","items/lccc-0498.html","OK",""
"499","0499","RE-002309","images/0401-0500/LCCC-0499.png","items/lccc-0499.html","OK",""
"500","0500","RE-002310","images/0401-0500/LCCC-0500.png","items/lccc-0500.html","OK",""
"501","0501","RE-002311","images/0501-0600/LCCC-0501.png","items/lccc-0501.html","OK",""
"502","0502","RE-002312","images/0501-0600/LCCC-0502.png","items/lccc-0502.html","OK",""
"503","0503","RE-002313","images/0501-0600/LCCC-0503.png","items/lccc-0503.html","OK",""
"504","0504","RE-002314","images/0501-0600/LCCC-0504.png","items/lccc-0504.html","OK",""
"505","0505","RE-002315","images/0501-0600/LCCC-0505.png","items/lccc-0505.html","OK",""
"506","0506","RE-002316","images/0501-0600/LCCC-0506.png","items/lccc-0506.html","OK",""
"507","0507","RE-002317","images/0501-0600/LCCC-0507.png","items/lccc-0507.html","OK",""
"508","0508","RE-002318","images/0501-0600/LCCC-0508.png","items/lccc-0508.html","OK",""
"509","0509","RE-002319","images/0501-0600/LCCC-0509.png","items/lccc-0509.html","OK",""
"510","0510","RE-002320","images/0501-0600/LCCC-0510.png","items/lccc-0510.html","OK",""
"511","0511","RE-002321","images/0501-0600/LCCC-0511.png","items/lccc-0511.html","OK",""
"512","0512","RE-002322","images/0501-0600/LCCC-0512.png","items/lccc-0512.html","OK",""
"513","0513","RE-002323","images/0501-0600/LCCC-0513.png","items/lccc-0513.html","OK",""
"514","0514","RE-002324","images/0501-0600/LCCC-0514.png","items/lccc-0514.html","OK",""
"515","0515","RE-002325","images/0501-0600/LCCC-0515.png","items/lccc-0515.html","OK",""
"516","0516","RE-002326","images/0501-0600/LCCC-0516.png","items/lccc-0516.html","OK",""
"517","0517","RE-002327","images/0501-0600/LCCC-0517.png","items/lccc-0517.html","OK",""
"518","0518","RE-002328","images/0501-0600/LCCC-0518.png","items/lccc-0518.html","OK",""
"519","0519","RE-002329","images/0501-0600/LCCC-0519.png","items/lccc-0519.html","OK",""
"520","0520","RE-002330","","items/lccc-0520.html","MISSING SOURCE IMAGE","No source image found for token #0520"
"521","0521","RE-002331","images/0501-0600/LCCC-0521.png","items/lccc-0521.html","OK",""
"522","0522","RE-002332","images/0501-0600/LCCC-0522.png","items/lccc-0522.html","OK",""
"523","0523","RE-002333","images/0501-0600/LCCC-0523.png","items/lccc-0523.html","OK",""
"524","0524","RE-002334","images/0501-0600/LCCC-0524.png","items/lccc-0524.html","OK",""
"525","0525","RE-002335","images/0501-0600/LCCC-0525.png","items/lccc-0525.html","OK",""
"526","0526","RE-002336","images/0501-0600/LCCC-0526.png","items/lccc-0526.html","OK",""
"527","0527","RE-002337","images/0501-0600/LCCC-0527.png","items/lccc-0527.html","OK",""
"528","0528","RE-002338","images/0501-0600/LCCC-0528.png","items/lccc-0528.html","OK",""
"529","0529","RE-002339","images/0501-0600/LCCC-0529.png","items/lccc-0529.html","OK",""
"530","0530","RE-002340","images/0501-0600/LCCC-0530.png","items/lccc-0530.html","OK",""
"531","0531","RE-002341","images/0501-0600/LCCC-0531.png","items/lccc-0531.html","OK",""
"532","0532","RE-002342","images/0501-0600/LCCC-0532.png","items/lccc-0532.html","OK",""
"533","0533","RE-002343","images/0501-0600/LCCC-0533.png","items/lccc-0533.html","OK",""
"534","0534","RE-002344","images/0501-0600/LCCC-0534.png","items/lccc-0534.html","OK",""
"535","0535","RE-002345","images/0501-0600/LCCC-0535.png","items/lccc-0535.html","OK",""
"536","0536","RE-002346","images/0501-0600/LCCC-0536.png","items/lccc-0536.html","OK",""
"537","0537","RE-002347","images/0501-0600/LCCC-0537.png","items/lccc-0537.html","OK",""
"538","0538","RE-002348","images/0501-0600/LCCC-0538.png","items/lccc-0538.html","OK",""
"539","0539","RE-002349","images/0501-0600/LCCC-0539.png","items/lccc-0539.html","OK",""
"540","0540","RE-002350","images/0501-0600/LCCC-0540.png","items/lccc-0540.html","OK",""
"541","0541","RE-002351","images/0501-0600/LCCC-0541.png","items/lccc-0541.html","OK",""
"542","0542","RE-002352","","items/lccc-0542.html","MISSING SOURCE IMAGE","No source image found for token #0542"
"543","0543","RE-002353","images/0501-0600/LCCC-0543.png","items/lccc-0543.html","OK",""
"544","0544","RE-002354","images/0501-0600/LCCC-0544.png","items/lccc-0544.html","OK",""
"545","0545","RE-002355","images/0501-0600/LCCC-0545.png","items/lccc-0545.html","OK",""
"546","0546","RE-002356","images/0501-0600/LCCC-0546.png","items/lccc-0546.html","OK",""
"547","0547","RE-002357","images/0501-0600/LCCC-0547.png","items/lccc-0547.html","OK",""
"548","0548","RE-002358","","items/lccc-0548.html","MISSING SOURCE IMAGE","No source image found for token #0548"
"549","0549","RE-002359","","items/lccc-0549.html","MISSING SOURCE IMAGE","No source image found for token #0549"
"550","0550","RE-002360","images/0501-0600/LCCC-0550.png","items/lccc-0550.html","OK",""
"551","0551","RE-002361","","items/lccc-0551.html","MISSING SOURCE IMAGE","No source image found for token #0551"
"552","0552","RE-002362","images/0501-0600/LCCC-0552.png","items/lccc-0552.html","OK",""
"553","0553","RE-002363","","items/lccc-0553.html","MISSING SOURCE IMAGE","No source image found for token #0553"
"554","0554","RE-002364","images/0501-0600/LCCC-0554.png","items/lccc-0554.html","OK",""
"555","0555","RE-002365","images/0501-0600/LCCC-0555.png","items/lccc-0555.html","OK",""
"556","0556","RE-002366","images/0501-0600/LCCC-0556.png","items/lccc-0556.html","OK",""
"557","0557","RE-002367","images/0501-0600/LCCC-0557.png","items/lccc-0557.html","OK",""
"558","0558","RE-002368","images/0501-0600/LCCC-0558.png","items/lccc-0558.html","OK",""
"559","0559","RE-002369","images/0501-0600/LCCC-0559.png","items/lccc-0559.html","OK",""
"560","0560","RE-002370","images/0501-0600/LCCC-0560.png","items/lccc-0560.html","OK",""
"561","0561","RE-002371","images/0501-0600/LCCC-0561.png","items/lccc-0561.html","OK",""
"562","0562","RE-002372","images/0501-0600/LCCC-0562.png","items/lccc-0562.html","OK",""
"563","0563","RE-002373","images/0501-0600/LCCC-0563.png","items/lccc-0563.html","OK",""
"564","0564","RE-002374","images/0501-0600/LCCC-0564.png","items/lccc-0564.html","OK",""
"565","0565","RE-002375","images/0501-0600/LCCC-0565.png","items/lccc-0565.html","OK",""
"566","0566","RE-002376","images/0501-0600/LCCC-0566.png","items/lccc-0566.html","OK",""
"567","0567","RE-002377","images/0501-0600/LCCC-0567.png","items/lccc-0567.html","OK",""
"568","0568","RE-002378","images/0501-0600/LCCC-0568.png","items/lccc-0568.html","OK",""
"569","0569","RE-002379","images/0501-0600/LCCC-0569.png","items/lccc-0569.html","OK",""
"570","0570","RE-002380","images/0501-0600/LCCC-0570.png","items/lccc-0570.html","OK",""
"571","0571","RE-002381","images/0501-0600/LCCC-0571.png","items/lccc-0571.html","OK",""
"572","0572","RE-002382","images/0501-0600/LCCC-0572.png","items/lccc-0572.html","OK",""
"573","0573","RE-002383","images/0501-0600/LCCC-0573.png","items/lccc-0573.html","OK",""
"574","0574","RE-002384","images/0501-0600/LCCC-0574.png","items/lccc-0574.html","OK",""
"575","0575","RE-002385","images/0501-0600/LCCC-0575.png","items/lccc-0575.html","OK",""
"576","0576","RE-002386","images/0501-0600/LCCC-0576.png","items/lccc-0576.html","OK",""
"577","0577","RE-002387","images/0501-0600/LCCC-0577.png","items/lccc-0577.html","OK",""
"578","0578","RE-002388","images/0501-0600/LCCC-0578.png","items/lccc-0578.html","OK",""
"579","0579","RE-002389","images/0501-0600/LCCC-0579.png","items/lccc-0579.html","OK",""
"580","0580","RE-002390","","items/lccc-0580.html","MISSING SOURCE IMAGE","No source image found for token #0580"
"581","0581","RE-002391","","items/lccc-0581.html","MISSING SOURCE IMAGE","No source image found for token #0581"
"582","0582","RE-002392","images/0501-0600/LCCC-0582.png","items/lccc-0582.html","OK",""
"583","0583","RE-002393","images/0501-0600/LCCC-0583.png","items/lccc-0583.html","OK",""
"584","0584","RE-002394","images/0501-0600/LCCC-0584.png","items/lccc-0584.html","OK",""
"585","0585","RE-002395","images/0501-0600/LCCC-0585.png","items/lccc-0585.html","OK",""
"586","0586","RE-002396","images/0501-0600/LCCC-0586.png","items/lccc-0586.html","OK",""
"587","0587","RE-002397","images/0501-0600/LCCC-0587.png","items/lccc-0587.html","OK",""
"588","0588","RE-002398","images/0501-0600/LCCC-0588.png","items/lccc-0588.html","OK",""
"589","0589","RE-002399","images/0501-0600/LCCC-0589.png","items/lccc-0589.html","OK",""
"590","0590","RE-002400","images/0501-0600/LCCC-0590.png","items/lccc-0590.html","OK",""
"591","0591","RE-002401","images/0501-0600/LCCC-0591.png","items/lccc-0591.html","OK",""
"592","0592","RE-002402","images/0501-0600/LCCC-0592.png","items/lccc-0592.html","OK",""
"593","0593","RE-002403","images/0501-0600/LCCC-0593.png","items/lccc-0593.html","OK",""
"594","0594","RE-002404","images/0501-0600/LCCC-0594.png","items/lccc-0594.html","OK",""
"595","0595","RE-002405","images/0501-0600/LCCC-0595.png","items/lccc-0595.html","OK",""
"596","0596","RE-002406","images/0501-0600/LCCC-0596.png","items/lccc-0596.html","OK",""
"597","0597","RE-002407","images/0501-0600/LCCC-0597.png","items/lccc-0597.html","OK",""
"598","0598","RE-002408","images/0501-0600/LCCC-0598.png","items/lccc-0598.html","OK",""
"599","0599","RE-002409","images/0501-0600/LCCC-0599.png","items/lccc-0599.html","OK",""
"600","0600","RE-002410","images/0501-0600/LCCC-0600.png","items/lccc-0600.html","OK",""
"601","0601","RE-002411","images/0601-0700/LCCC-0601.png","items/lccc-0601.html","OK",""
"602","0602","RE-002412","","items/lccc-0602.html","MISSING SOURCE IMAGE","No source image found for token #0602"
"603","0603","RE-002413","images/0601-0700/LCCC-0603.png","items/lccc-0603.html","OK",""
"604","0604","RE-002414","images/0601-0700/LCCC-0604.png","items/lccc-0604.html","OK",""
"605","0605","RE-002415","","items/lccc-0605.html","MISSING SOURCE IMAGE","No source image found for token #0605"
"606","0606","RE-002416","images/0601-0700/LCCC-0606.png","items/lccc-0606.html","OK",""
"607","0607","RE-002417","images/0601-0700/LCCC-0607.png","items/lccc-0607.html","OK",""
"608","0608","RE-002418","images/0601-0700/LCCC-0608.png","items/lccc-0608.html","OK",""
"609","0609","RE-002419","images/0601-0700/LCCC-0609.png","items/lccc-0609.html","OK",""
"610","0610","RE-002420","images/0601-0700/LCCC-0610.png","items/lccc-0610.html","OK",""
"611","0611","RE-002421","images/0601-0700/LCCC-0611.png","items/lccc-0611.html","OK",""
"612","0612","RE-002422","images/0601-0700/LCCC-0612.png","items/lccc-0612.html","OK",""
"613","0613","RE-002423","images/0601-0700/LCCC-0613.png","items/lccc-0613.html","OK",""
"614","0614","RE-002424","images/0601-0700/LCCC-0614.png","items/lccc-0614.html","OK",""
"615","0615","RE-002425","images/0601-0700/LCCC-0615.png","items/lccc-0615.html","OK",""
"616","0616","RE-002426","images/0601-0700/LCCC-0616.png","items/lccc-0616.html","OK",""
"617","0617","RE-002427","","items/lccc-0617.html","MISSING SOURCE IMAGE","No source image found for token #0617"
"618","0618","RE-002428","images/0601-0700/LCCC-0618.png","items/lccc-0618.html","OK",""
"619","0619","RE-002429","images/0601-0700/LCCC-0619.png","items/lccc-0619.html","OK",""
"620","0620","RE-002430","images/0601-0700/LCCC-0620.png","items/lccc-0620.html","OK",""
"621","0621","RE-002431","images/0601-0700/LCCC-0621.png","items/lccc-0621.html","OK",""
"622","0622","RE-002432","images/0601-0700/LCCC-0622.png","items/lccc-0622.html","OK",""
"623","0623","RE-002433","images/0601-0700/LCCC-0623.png","items/lccc-0623.html","OK",""
"624","0624","RE-002434","","items/lccc-0624.html","MISSING SOURCE IMAGE","No source image found for token #0624"
"625","0625","RE-002435","","items/lccc-0625.html","MISSING SOURCE IMAGE","No source image found for token #0625"
"626","0626","RE-002436","images/0601-0700/LCCC-0626.png","items/lccc-0626.html","OK",""
"627","0627","RE-002437","images/0601-0700/LCCC-0627.png","items/lccc-0627.html","OK",""
"628","0628","RE-002438","images/0601-0700/LCCC-0628.png","items/lccc-0628.html","OK",""
"629","0629","RE-002439","","items/lccc-0629.html","MISSING SOURCE IMAGE","No source image found for token #0629"
"630","0630","RE-002440","","items/lccc-0630.html","MISSING SOURCE IMAGE","No source image found for token #0630"
"631","0631","RE-002441","images/0601-0700/LCCC-0631.png","items/lccc-0631.html","OK",""
"632","0632","RE-002442","images/0601-0700/LCCC-0632.png","items/lccc-0632.html","OK",""
"633","0633","RE-002443","images/0601-0700/LCCC-0633.png","items/lccc-0633.html","OK",""
"634","0634","RE-002444","images/0601-0700/LCCC-0634.png","items/lccc-0634.html","OK",""
"635","0635","RE-002445","images/0601-0700/LCCC-0635.png","items/lccc-0635.html","OK",""
"636","0636","RE-002446","images/0601-0700/LCCC-0636.png","items/lccc-0636.html","OK",""
"637","0637","RE-002447","","items/lccc-0637.html","MISSING SOURCE IMAGE","No source image found for token #0637"
"638","0638","RE-002448","","items/lccc-0638.html","MISSING SOURCE IMAGE","No source image found for token #0638"
"639","0639","RE-002449","images/0601-0700/LCCC-0639.png","items/lccc-0639.html","OK",""
"640","0640","RE-002450","images/0601-0700/LCCC-0640.png","items/lccc-0640.html","OK",""
"641","0641","RE-002451","images/0601-0700/LCCC-0641.png","items/lccc-0641.html","OK",""
"642","0642","RE-002452","","items/lccc-0642.html","MISSING SOURCE IMAGE","No source image found for token #0642"
"643","0643","RE-002453","images/0601-0700/LCCC-0643.png","items/lccc-0643.html","OK",""
"644","0644","RE-002454","images/0601-0700/LCCC-0644.png","items/lccc-0644.html","OK",""
"645","0645","RE-002455","","items/lccc-0645.html","MISSING SOURCE IMAGE","No source image found for token #0645"
"646","0646","RE-002456","images/0601-0700/LCCC-0646.png","items/lccc-0646.html","OK",""
"647","0647","RE-002457","","items/lccc-0647.html","MISSING SOURCE IMAGE","No source image found for token #0647"
"648","0648","RE-002458","images/0601-0700/LCCC-0648.png","items/lccc-0648.html","OK",""
"649","0649","RE-002459","images/0601-0700/LCCC-0649.png","items/lccc-0649.html","OK",""
"650","0650","RE-002460","images/0601-0700/LCCC-0650.png","items/lccc-0650.html","OK",""
"651","0651","RE-002461","images/0601-0700/LCCC-0651.png","items/lccc-0651.html","OK",""
"652","0652","RE-002462","images/0601-0700/LCCC-0652.png","items/lccc-0652.html","OK",""
"653","0653","RE-002463","images/0601-0700/LCCC-0653.png","items/lccc-0653.html","OK",""
"654","0654","RE-002464","images/0601-0700/LCCC-0654.png","items/lccc-0654.html","OK",""
"655","0655","RE-002465","images/0601-0700/LCCC-0655.png","items/lccc-0655.html","OK",""
"656","0656","RE-002466","images/0601-0700/LCCC-0656.png","items/lccc-0656.html","OK",""
"657","0657","RE-002467","images/0601-0700/LCCC-0657.png","items/lccc-0657.html","OK",""
"658","0658","RE-002468","images/0601-0700/LCCC-0658.png","items/lccc-0658.html","OK",""
"659","0659","RE-002469","images/0601-0700/LCCC-0659.png","items/lccc-0659.html","OK",""
"660","0660","RE-002470","","items/lccc-0660.html","MISSING SOURCE IMAGE","No source image found for token #0660"
"661","0661","RE-002471","images/0601-0700/LCCC-0661.png","items/lccc-0661.html","OK",""
"662","0662","RE-002472","images/0601-0700/LCCC-0662.png","items/lccc-0662.html","OK",""
"663","0663","RE-002473","images/0601-0700/LCCC-0663.png","items/lccc-0663.html","OK",""
"664","0664","RE-002474","images/0601-0700/LCCC-0664.png","items/lccc-0664.html","OK",""
"665","0665","RE-002475","images/0601-0700/LCCC-0665.png","items/lccc-0665.html","OK",""
"666","0666","RE-002476","","items/lccc-0666.html","MISSING SOURCE IMAGE","No source image found for token #0666"
"667","0667","RE-002477","images/0601-0700/LCCC-0667.png","items/lccc-0667.html","OK",""
"668","0668","RE-002478","images/0601-0700/LCCC-0668.png","items/lccc-0668.html","OK",""
"669","0669","RE-002479","","items/lccc-0669.html","MISSING SOURCE IMAGE","No source image found for token #0669"
"670","0670","RE-002480","","items/lccc-0670.html","MISSING SOURCE IMAGE","No source image found for token #0670"
"671","0671","RE-002481","images/0601-0700/LCCC-0671.png","items/lccc-0671.html","OK",""
"672","0672","RE-002482","images/0601-0700/LCCC-0672.png","items/lccc-0672.html","OK",""
"673","0673","RE-002483","images/0601-0700/LCCC-0673.png","items/lccc-0673.html","OK",""
"674","0674","RE-002484","","items/lccc-0674.html","MISSING SOURCE IMAGE","No source image found for token #0674"
"675","0675","RE-002485","images/0601-0700/LCCC-0675.png","items/lccc-0675.html","OK",""
"676","0676","RE-002486","images/0601-0700/LCCC-0676.png","items/lccc-0676.html","OK",""
"677","0677","RE-002487","images/0601-0700/LCCC-0677.png","items/lccc-0677.html","OK",""
"678","0678","RE-002488","images/0601-0700/LCCC-0678.png","items/lccc-0678.html","OK",""
"679","0679","RE-002489","images/0601-0700/LCCC-0679.png","items/lccc-0679.html","OK",""
"680","0680","RE-002490","","items/lccc-0680.html","MISSING SOURCE IMAGE","No source image found for token #0680"
"681","0681","RE-002491","images/0601-0700/LCCC-0681.png","items/lccc-0681.html","OK",""
"682","0682","RE-002492","images/0601-0700/LCCC-0682.png","items/lccc-0682.html","OK",""
"683","0683","RE-002493","images/0601-0700/LCCC-0683.png","items/lccc-0683.html","OK",""
"684","0684","RE-002494","images/0601-0700/LCCC-0684.png","items/lccc-0684.html","OK",""
"685","0685","RE-002495","images/0601-0700/LCCC-0685.png","items/lccc-0685.html","OK",""
"686","0686","RE-002496","images/0601-0700/LCCC-0686.png","items/lccc-0686.html","OK",""
"687","0687","RE-002497","images/0601-0700/LCCC-0687.png","items/lccc-0687.html","OK",""
"688","0688","RE-002498","images/0601-0700/LCCC-0688.png","items/lccc-0688.html","OK",""
"689","0689","RE-002499","images/0601-0700/LCCC-0689.png","items/lccc-0689.html","OK",""
"690","0690","RE-002500","images/0601-0700/LCCC-0690.png","items/lccc-0690.html","OK",""
"691","0691","RE-002501","","items/lccc-0691.html","MISSING SOURCE IMAGE","No source image found for token #0691"
"692","0692","RE-002502","images/0601-0700/LCCC-0692.png","items/lccc-0692.html","OK",""
"693","0693","RE-002503","images/0601-0700/LCCC-0693.png","items/lccc-0693.html","OK",""
"694","0694","RE-002504","images/0601-0700/LCCC-0694.png","items/lccc-0694.html","OK",""
"695","0695","RE-002505","images/0601-0700/LCCC-0695.png","items/lccc-0695.html","OK",""
"696","0696","RE-002506","","items/lccc-0696.html","MISSING SOURCE IMAGE","No source image found for token #0696"
"697","0697","RE-002507","images/0601-0700/LCCC-0697.png","items/lccc-0697.html","OK",""
"698","0698","RE-002508","","items/lccc-0698.html","MISSING SOURCE IMAGE","No source image found for token #0698"
"699","0699","RE-002509","images/0601-0700/LCCC-0699.png","items/lccc-0699.html","OK",""
"700","0700","RE-002510","images/0601-0700/LCCC-0700.png","items/lccc-0700.html","OK",""
"701","0701","RE-002511","images/0701-0800/LCCC-0701.png","items/lccc-0701.html","OK",""
"702","0702","RE-002512","","items/lccc-0702.html","MISSING SOURCE IMAGE","No source image found for token #0702"
"703","0703","RE-002513","images/0701-0800/LCCC-0703.png","items/lccc-0703.html","OK",""
"704","0704","RE-002514","images/0701-0800/LCCC-0704.png","items/lccc-0704.html","OK",""
"705","0705","RE-002515","images/0701-0800/LCCC-0705.png","items/lccc-0705.html","OK",""
"706","0706","RE-002516","images/0701-0800/LCCC-0706.png","items/lccc-0706.html","OK",""
"707","0707","RE-002517","images/0701-0800/LCCC-0707.png","items/lccc-0707.html","OK",""
"708","0708","RE-002518","images/0701-0800/LCCC-0708.png","items/lccc-0708.html","OK",""
"709","0709","RE-002519","","items/lccc-0709.html","MISSING SOURCE IMAGE","No source image found for token #0709"
"710","0710","RE-002520","images/0701-0800/LCCC-0710.png","items/lccc-0710.html","OK",""
"711","0711","RE-002521","images/0701-0800/LCCC-0711.png","items/lccc-0711.html","OK",""
"712","0712","RE-002522","images/0701-0800/LCCC-0712.png","items/lccc-0712.html","OK",""
"713","0713","RE-002523","images/0701-0800/LCCC-0713.png","items/lccc-0713.html","OK",""
"714","0714","RE-002524","images/0701-0800/LCCC-0714.png","items/lccc-0714.html","OK",""
"715","0715","RE-002525","images/0701-0800/LCCC-0715.png","items/lccc-0715.html","OK",""
"716","0716","RE-002526","images/0701-0800/LCCC-0716.png","items/lccc-0716.html","OK",""
"717","0717","RE-002527","images/0701-0800/LCCC-0717.png","items/lccc-0717.html","OK",""
"718","0718","RE-002528","images/0701-0800/LCCC-0718.png","items/lccc-0718.html","OK",""
"719","0719","RE-002529","images/0701-0800/LCCC-0719.png","items/lccc-0719.html","OK",""
"720","0720","RE-002530","","items/lccc-0720.html","MISSING SOURCE IMAGE","No source image found for token #0720"
"721","0721","RE-002531","images/0701-0800/LCCC-0721.png","items/lccc-0721.html","OK",""
"722","0722","RE-002532","images/0701-0800/LCCC-0722.png","items/lccc-0722.html","OK",""
"723","0723","RE-002533","images/0701-0800/LCCC-0723.png","items/lccc-0723.html","OK",""
"724","0724","RE-002534","","items/lccc-0724.html","MISSING SOURCE IMAGE","No source image found for token #0724"
"725","0725","RE-002535","images/0701-0800/LCCC-0725.png","items/lccc-0725.html","OK",""
"726","0726","RE-002536","images/0701-0800/LCCC-0726.png","items/lccc-0726.html","OK",""
"727","0727","RE-002537","","items/lccc-0727.html","MISSING SOURCE IMAGE","No source image found for token #0727"
"728","0728","RE-002538","","items/lccc-0728.html","MISSING SOURCE IMAGE","No source image found for token #0728"
"729","0729","RE-002539","images/0701-0800/LCCC-0729.png","items/lccc-0729.html","OK",""
"730","0730","RE-002540","images/0701-0800/LCCC-0730.png","items/lccc-0730.html","OK",""
"731","0731","RE-002541","images/0701-0800/LCCC-0731.png","items/lccc-0731.html","OK",""
"732","0732","RE-002542","images/0701-0800/LCCC-0732.png","items/lccc-0732.html","OK",""
"733","0733","RE-002543","images/0701-0800/LCCC-0733.png","items/lccc-0733.html","OK",""
"734","0734","RE-002544","images/0701-0800/LCCC-0734.png","items/lccc-0734.html","OK",""
"735","0735","RE-002545","images/0701-0800/LCCC-0735.png","items/lccc-0735.html","OK",""
"736","0736","RE-002546","images/0701-0800/LCCC-0736.png","items/lccc-0736.html","OK",""
"737","0737","RE-002547","images/0701-0800/LCCC-0737.png","items/lccc-0737.html","OK",""
"738","0738","RE-002548","images/0701-0800/LCCC-0738.png","items/lccc-0738.html","OK",""
"739","0739","RE-002549","images/0701-0800/LCCC-0739.png","items/lccc-0739.html","OK",""
"740","0740","RE-002550","images/0701-0800/LCCC-0740.png","items/lccc-0740.html","OK",""
"741","0741","RE-002551","images/0701-0800/LCCC-0741.png","items/lccc-0741.html","OK",""
"742","0742","RE-002552","images/0701-0800/LCCC-0742.png","items/lccc-0742.html","OK",""
"743","0743","RE-002553","images/0701-0800/LCCC-0743.png","items/lccc-0743.html","OK",""
"744","0744","RE-002554","images/0701-0800/LCCC-0744.png","items/lccc-0744.html","OK",""
"745","0745","RE-002555","images/0701-0800/LCCC-0745.png","items/lccc-0745.html","OK",""
"746","0746","RE-002556","images/0701-0800/LCCC-0746.png","items/lccc-0746.html","OK",""
"747","0747","RE-002557","images/0701-0800/LCCC-0747.png","items/lccc-0747.html","OK",""
"748","0748","RE-002558","","items/lccc-0748.html","MISSING SOURCE IMAGE","No source image found for token #0748"
"749","0749","RE-002559","images/0701-0800/LCCC-0749.png","items/lccc-0749.html","OK",""
"750","0750","RE-002560","images/0701-0800/LCCC-0750.png","items/lccc-0750.html","OK",""
"751","0751","RE-002561","","items/lccc-0751.html","MISSING SOURCE IMAGE","No source image found for token #0751"
"752","0752","RE-002562","images/0701-0800/LCCC-0752.png","items/lccc-0752.html","OK",""
"753","0753","RE-002563","images/0701-0800/LCCC-0753.png","items/lccc-0753.html","OK",""
"754","0754","RE-002564","images/0701-0800/LCCC-0754.png","items/lccc-0754.html","OK",""
"755","0755","RE-002565","images/0701-0800/LCCC-0755.png","items/lccc-0755.html","OK",""
"756","0756","RE-002566","images/0701-0800/LCCC-0756.png","items/lccc-0756.html","OK",""
"757","0757","RE-002567","images/0701-0800/LCCC-0757.png","items/lccc-0757.html","OK",""
"758","0758","RE-002568","images/0701-0800/LCCC-0758.png","items/lccc-0758.html","OK",""
"759","0759","RE-002569","images/0701-0800/LCCC-0759.png","items/lccc-0759.html","OK",""
"760","0760","RE-002570","images/0701-0800/LCCC-0760.png","items/lccc-0760.html","OK",""
"761","0761","RE-002571","","items/lccc-0761.html","MISSING SOURCE IMAGE","No source image found for token #0761"
"762","0762","RE-002572","images/0701-0800/LCCC-0762.png","items/lccc-0762.html","OK",""
"763","0763","RE-002573","images/0701-0800/LCCC-0763.png","items/lccc-0763.html","OK",""
"764","0764","RE-002574","","items/lccc-0764.html","MISSING SOURCE IMAGE","No source image found for token #0764"
"765","0765","RE-002575","images/0701-0800/LCCC-0765.png","items/lccc-0765.html","OK",""
"766","0766","RE-002576","images/0701-0800/LCCC-0766.png","items/lccc-0766.html","OK",""
"767","0767","RE-002577","images/0701-0800/LCCC-0767.png","items/lccc-0767.html","OK",""
"768","0768","RE-002578","images/0701-0800/LCCC-0768.png","items/lccc-0768.html","OK",""
"769","0769","RE-002579","images/0701-0800/LCCC-0769.png","items/lccc-0769.html","OK",""
"770","0770","RE-002580","images/0701-0800/LCCC-0770.png","items/lccc-0770.html","OK",""
"771","0771","RE-002581","images/0701-0800/LCCC-0771.png","items/lccc-0771.html","OK",""
"772","0772","RE-002582","images/0701-0800/LCCC-0772.png","items/lccc-0772.html","OK",""
"773","0773","RE-002583","images/0701-0800/LCCC-0773.png","items/lccc-0773.html","OK",""
"774","0774","RE-002584","images/0701-0800/LCCC-0774.png","items/lccc-0774.html","OK",""
"775","0775","RE-002585","images/0701-0800/LCCC-0775.png","items/lccc-0775.html","OK",""
"776","0776","RE-002586","images/0701-0800/LCCC-0776.png","items/lccc-0776.html","OK",""
"777","0777","RE-002587","","items/lccc-0777.html","MISSING SOURCE IMAGE","No source image found for token #0777"
"778","0778","RE-002588","images/0701-0800/LCCC-0778.png","items/lccc-0778.html","OK",""
"779","0779","RE-002589","images/0701-0800/LCCC-0779.png","items/lccc-0779.html","OK",""
"780","0780","RE-002590","images/0701-0800/LCCC-0780.png","items/lccc-0780.html","OK",""
"781","0781","RE-002591","images/0701-0800/LCCC-0781.png","items/lccc-0781.html","OK",""
"782","0782","RE-002592","images/0701-0800/LCCC-0782.png","items/lccc-0782.html","OK",""
"783","0783","RE-002593","images/0701-0800/LCCC-0783.png","items/lccc-0783.html","OK",""
"784","0784","RE-002594","images/0701-0800/LCCC-0784.png","items/lccc-0784.html","OK",""
"785","0785","RE-002595","images/0701-0800/LCCC-0785.png","items/lccc-0785.html","OK",""
"786","0786","RE-002596","images/0701-0800/LCCC-0786.png","items/lccc-0786.html","OK",""
"787","0787","RE-002597","images/0701-0800/LCCC-0787.png","items/lccc-0787.html","OK",""
"788","0788","RE-002598","images/0701-0800/LCCC-0788.png","items/lccc-0788.html","OK",""
"789","0789","RE-002599","images/0701-0800/LCCC-0789.png","items/lccc-0789.html","OK",""
"790","0790","RE-002600","images/0701-0800/LCCC-0790.png","items/lccc-0790.html","OK",""
"791","0791","RE-002601","","items/lccc-0791.html","MISSING SOURCE IMAGE","No source image found for token #0791"
"792","0792","RE-002602","","items/lccc-0792.html","MISSING SOURCE IMAGE","No source image found for token #0792"
"793","0793","RE-002603","images/0701-0800/LCCC-0793.png","items/lccc-0793.html","OK",""
"794","0794","RE-002604","images/0701-0800/LCCC-0794.png","items/lccc-0794.html","OK",""
"795","0795","RE-002605","images/0701-0800/LCCC-0795.png","items/lccc-0795.html","OK",""
"796","0796","RE-002606","images/0701-0800/LCCC-0796.png","items/lccc-0796.html","OK",""
"797","0797","RE-002607","images/0701-0800/LCCC-0797.png","items/lccc-0797.html","OK",""
"798","0798","RE-002608","images/0701-0800/LCCC-0798.png","items/lccc-0798.html","OK",""
"799","0799","RE-002609","images/0701-0800/LCCC-0799.png","items/lccc-0799.html","OK",""
"800","0800","RE-002610","images/0701-0800/LCCC-0800.png","items/lccc-0800.html","OK",""
"801","0801","RE-002611","images/0801-0900/LCCC-0801.png","items/lccc-0801.html","OK",""
"802","0802","RE-002612","images/0801-0900/LCCC-0802.png","items/lccc-0802.html","OK",""
"803","0803","RE-002613","images/0801-0900/LCCC-0803.png","items/lccc-0803.html","OK",""
"804","0804","RE-002614","images/0801-0900/LCCC-0804.png","items/lccc-0804.html","OK",""
"805","0805","RE-002615","images/0801-0900/LCCC-0805.png","items/lccc-0805.html","OK",""
"806","0806","RE-002616","images/0801-0900/LCCC-0806.png","items/lccc-0806.html","OK",""
"807","0807","RE-002617","images/0801-0900/LCCC-0807.png","items/lccc-0807.html","OK",""
"808","0808","RE-002618","images/0801-0900/LCCC-0808.png","items/lccc-0808.html","OK",""
"809","0809","RE-002619","images/0801-0900/LCCC-0809.png","items/lccc-0809.html","OK",""
"810","0810","RE-002620","images/0801-0900/LCCC-0810.png","items/lccc-0810.html","OK",""
"811","0811","RE-002621","","items/lccc-0811.html","MISSING SOURCE IMAGE","No source image found for token #0811"
"812","0812","RE-002622","images/0801-0900/LCCC-0812.png","items/lccc-0812.html","OK",""
"813","0813","RE-002623","images/0801-0900/LCCC-0813.png","items/lccc-0813.html","OK",""
"814","0814","RE-002624","images/0801-0900/LCCC-0814.png","items/lccc-0814.html","OK",""
"815","0815","RE-002625","images/0801-0900/LCCC-0815.png","items/lccc-0815.html","OK",""
"816","0816","RE-002626","images/0801-0900/LCCC-0816.png","items/lccc-0816.html","OK",""
"817","0817","RE-002627","images/0801-0900/LCCC-0817.png","items/lccc-0817.html","OK",""
"818","0818","RE-002628","images/0801-0900/LCCC-0818.png","items/lccc-0818.html","OK",""
"819","0819","RE-002629","","items/lccc-0819.html","MISSING SOURCE IMAGE","No source image found for token #0819"
"820","0820","RE-002630","images/0801-0900/LCCC-0820.png","items/lccc-0820.html","OK",""
"821","0821","RE-002631","images/0801-0900/LCCC-0821.png","items/lccc-0821.html","OK",""
"822","0822","RE-002632","images/0801-0900/LCCC-0822.png","items/lccc-0822.html","OK",""
"823","0823","RE-002633","images/0801-0900/LCCC-0823.png","items/lccc-0823.html","OK",""
"824","0824","RE-002634","images/0801-0900/LCCC-0824.png","items/lccc-0824.html","OK",""
"825","0825","RE-002635","images/0801-0900/LCCC-0825.png","items/lccc-0825.html","OK",""
"826","0826","RE-002636","images/0801-0900/LCCC-0826.png","items/lccc-0826.html","OK",""
"827","0827","RE-002637","images/0801-0900/LCCC-0827.png","items/lccc-0827.html","OK",""
"828","0828","RE-002638","images/0801-0900/LCCC-0828.png","items/lccc-0828.html","OK",""
"829","0829","RE-002639","images/0801-0900/LCCC-0829.png","items/lccc-0829.html","OK",""
"830","0830","RE-002640","images/0801-0900/LCCC-0830.png","items/lccc-0830.html","OK",""
"831","0831","RE-002641","images/0801-0900/LCCC-0831.png","items/lccc-0831.html","OK",""
"832","0832","RE-002642","","items/lccc-0832.html","MISSING SOURCE IMAGE","No source image found for token #0832"
"833","0833","RE-002643","images/0801-0900/LCCC-0833.png","items/lccc-0833.html","OK",""
"834","0834","RE-002644","images/0801-0900/LCCC-0834.png","items/lccc-0834.html","OK",""
"835","0835","RE-002645","images/0801-0900/LCCC-0835.png","items/lccc-0835.html","OK",""
"836","0836","RE-002646","images/0801-0900/LCCC-0836.png","items/lccc-0836.html","OK",""
"837","0837","RE-002647","images/0801-0900/LCCC-0837.png","items/lccc-0837.html","OK",""
"838","0838","RE-002648","","items/lccc-0838.html","MISSING SOURCE IMAGE","No source image found for token #0838"
"839","0839","RE-002649","images/0801-0900/LCCC-0839.png","items/lccc-0839.html","OK",""
"840","0840","RE-002650","images/0801-0900/LCCC-0840.png","items/lccc-0840.html","OK",""
"841","0841","RE-002651","images/0801-0900/LCCC-0841.png","items/lccc-0841.html","OK",""
"842","0842","RE-002652","","items/lccc-0842.html","MISSING SOURCE IMAGE","No source image found for token #0842"
"843","0843","RE-002653","images/0801-0900/LCCC-0843.png","items/lccc-0843.html","OK",""
"844","0844","RE-002654","images/0801-0900/LCCC-0844.png","items/lccc-0844.html","OK",""
"845","0845","RE-002655","images/0801-0900/LCCC-0845.png","items/lccc-0845.html","OK",""
"846","0846","RE-002656","images/0801-0900/LCCC-0846.png","items/lccc-0846.html","OK",""
"847","0847","RE-002657","images/0801-0900/LCCC-0847.png","items/lccc-0847.html","OK",""
"848","0848","RE-002658","images/0801-0900/LCCC-0848.png","items/lccc-0848.html","OK",""
"849","0849","RE-002659","images/0801-0900/LCCC-0849.png","items/lccc-0849.html","OK",""
"850","0850","RE-002660","images/0801-0900/LCCC-0850.png","items/lccc-0850.html","OK",""
"851","0851","RE-002661","images/0801-0900/LCCC-0851.png","items/lccc-0851.html","OK",""
"852","0852","RE-002662","images/0801-0900/LCCC-0852.png","items/lccc-0852.html","OK",""
"853","0853","RE-002663","images/0801-0900/LCCC-0853.png","items/lccc-0853.html","OK",""
"854","0854","RE-002664","images/0801-0900/LCCC-0854.png","items/lccc-0854.html","OK",""
"855","0855","RE-002665","images/0801-0900/LCCC-0855.png","items/lccc-0855.html","OK",""
"856","0856","RE-002666","images/0801-0900/LCCC-0856.png","items/lccc-0856.html","OK",""
"857","0857","RE-002667","images/0801-0900/LCCC-0857.png","items/lccc-0857.html","OK",""
"858","0858","RE-002668","","items/lccc-0858.html","MISSING SOURCE IMAGE","No source image found for token #0858"
"859","0859","RE-002669","images/0801-0900/LCCC-0859.png","items/lccc-0859.html","OK",""
"860","0860","RE-002670","","items/lccc-0860.html","MISSING SOURCE IMAGE","No source image found for token #0860"
"861","0861","RE-002671","","items/lccc-0861.html","MISSING SOURCE IMAGE","No source image found for token #0861"
"862","0862","RE-002672","","items/lccc-0862.html","MISSING SOURCE IMAGE","No source image found for token #0862"
"863","0863","RE-002673","images/0801-0900/LCCC-0863.png","items/lccc-0863.html","OK",""
"864","0864","RE-002674","images/0801-0900/LCCC-0864.png","items/lccc-0864.html","OK",""
"865","0865","RE-002675","images/0801-0900/LCCC-0865.png","items/lccc-0865.html","OK",""
"866","0866","RE-002676","images/0801-0900/LCCC-0866.png","items/lccc-0866.html","OK",""
"867","0867","RE-002677","","items/lccc-0867.html","MISSING SOURCE IMAGE","No source image found for token #0867"
"868","0868","RE-002678","images/0801-0900/LCCC-0868.png","items/lccc-0868.html","OK",""
"869","0869","RE-002679","images/0801-0900/LCCC-0869.png","items/lccc-0869.html","OK",""
"870","0870","RE-002680","images/0801-0900/LCCC-0870.png","items/lccc-0870.html","OK",""
"871","0871","RE-002681","images/0801-0900/LCCC-0871.png","items/lccc-0871.html","OK",""
"872","0872","RE-002682","images/0801-0900/LCCC-0872.png","items/lccc-0872.html","OK",""
"873","0873","RE-002683","images/0801-0900/LCCC-0873.png","items/lccc-0873.html","OK",""
"874","0874","RE-002684","images/0801-0900/LCCC-0874.png","items/lccc-0874.html","OK",""
"875","0875","RE-002685","images/0801-0900/LCCC-0875.png","items/lccc-0875.html","OK",""
"876","0876","RE-002686","images/0801-0900/LCCC-0876.png","items/lccc-0876.html","OK",""
"877","0877","RE-002687","","items/lccc-0877.html","MISSING SOURCE IMAGE","No source image found for token #0877"
"878","0878","RE-002688","images/0801-0900/LCCC-0878.png","items/lccc-0878.html","OK",""
"879","0879","RE-002689","images/0801-0900/LCCC-0879.png","items/lccc-0879.html","OK",""
"880","0880","RE-002690","images/0801-0900/LCCC-0880.png","items/lccc-0880.html","OK",""
"881","0881","RE-002691","images/0801-0900/LCCC-0881.png","items/lccc-0881.html","OK",""
"882","0882","RE-002692","images/0801-0900/LCCC-0882.png","items/lccc-0882.html","OK",""
"883","0883","RE-002693","images/0801-0900/LCCC-0883.png","items/lccc-0883.html","OK",""
"884","0884","RE-002694","images/0801-0900/LCCC-0884.png","items/lccc-0884.html","OK",""
"885","0885","RE-002695","images/0801-0900/LCCC-0885.png","items/lccc-0885.html","OK",""
"886","0886","RE-002696","","items/lccc-0886.html","MISSING SOURCE IMAGE","No source image found for token #0886"
"887","0887","RE-002697","images/0801-0900/LCCC-0887.png","items/lccc-0887.html","OK",""
"888","0888","RE-002698","images/0801-0900/LCCC-0888.png","items/lccc-0888.html","OK",""
"889","0889","RE-002699","","items/lccc-0889.html","MISSING SOURCE IMAGE","No source image found for token #0889"
"890","0890","RE-002700","images/0801-0900/LCCC-0890.png","items/lccc-0890.html","OK",""
"891","0891","RE-002701","images/0801-0900/LCCC-0891.png","items/lccc-0891.html","OK",""
"892","0892","RE-002702","","items/lccc-0892.html","MISSING SOURCE IMAGE","No source image found for token #0892"
"893","0893","RE-002703","images/0801-0900/LCCC-0893.png","items/lccc-0893.html","OK",""
"894","0894","RE-002704","images/0801-0900/LCCC-0894.png","items/lccc-0894.html","OK",""
"895","0895","RE-002705","images/0801-0900/LCCC-0895.png","items/lccc-0895.html","OK",""
"896","0896","RE-002706","images/0801-0900/LCCC-0896.png","items/lccc-0896.html","OK",""
"897","0897","RE-002707","images/0801-0900/LCCC-0897.png","items/lccc-0897.html","OK",""
"898","0898","RE-002708","images/0801-0900/LCCC-0898.png","items/lccc-0898.html","OK",""
"899","0899","RE-002709","images/0801-0900/LCCC-0899.png","items/lccc-0899.html","OK",""
"900","0900","RE-002710","images/0801-0900/LCCC-0900.png","items/lccc-0900.html","OK",""
"901","0901","RE-002711","images/0901-1000/LCCC-0901.png","items/lccc-0901.html","OK",""
"902","0902","RE-002712","images/0901-1000/LCCC-0902.png","items/lccc-0902.html","OK",""
"903","0903","RE-002713","images/0901-1000/LCCC-0903.png","items/lccc-0903.html","OK",""
"904","0904","RE-002714","images/0901-1000/LCCC-0904.png","items/lccc-0904.html","OK",""
"905","0905","RE-002715","images/0901-1000/LCCC-0905.png","items/lccc-0905.html","OK",""
"906","0906","RE-002716","images/0901-1000/LCCC-0906.png","items/lccc-0906.html","OK",""
"907","0907","RE-002717","images/0901-1000/LCCC-0907.png","items/lccc-0907.html","OK",""
"908","0908","RE-002718","images/0901-1000/LCCC-0908.png","items/lccc-0908.html","OK",""
"909","0909","RE-002719","images/0901-1000/LCCC-0909.png","items/lccc-0909.html","OK",""
"910","0910","RE-002720","images/0901-1000/LCCC-0910.png","items/lccc-0910.html","OK",""
"911","0911","RE-002721","images/0901-1000/LCCC-0911.png","items/lccc-0911.html","OK",""
"912","0912","RE-002722","images/0901-1000/LCCC-0912.png","items/lccc-0912.html","OK",""
"913","0913","RE-002723","images/0901-1000/LCCC-0913.png","items/lccc-0913.html","OK",""
"914","0914","RE-002724","images/0901-1000/LCCC-0914.png","items/lccc-0914.html","OK",""
"915","0915","RE-002725","images/0901-1000/LCCC-0915.png","items/lccc-0915.html","OK",""
"916","0916","RE-002726","images/0901-1000/LCCC-0916.png","items/lccc-0916.html","OK",""
"917","0917","RE-002727","images/0901-1000/LCCC-0917.png","items/lccc-0917.html","OK",""
"918","0918","RE-002728","images/0901-1000/LCCC-0918.png","items/lccc-0918.html","OK",""
"919","0919","RE-002729","images/0901-1000/LCCC-0919.png","items/lccc-0919.html","OK",""
"920","0920","RE-002730","images/0901-1000/LCCC-0920.png","items/lccc-0920.html","OK",""
"921","0921","RE-002731","images/0901-1000/LCCC-0921.png","items/lccc-0921.html","OK",""
"922","0922","RE-002732","images/0901-1000/LCCC-0922.png","items/lccc-0922.html","OK",""
"923","0923","RE-002733","","items/lccc-0923.html","MISSING SOURCE IMAGE","No source image found for token #0923"
"924","0924","RE-002734","images/0901-1000/LCCC-0924.png","items/lccc-0924.html","OK",""
"925","0925","RE-002735","images/0901-1000/LCCC-0925.png","items/lccc-0925.html","OK",""
"926","0926","RE-002736","images/0901-1000/LCCC-0926.png","items/lccc-0926.html","OK",""
"927","0927","RE-002737","images/0901-1000/LCCC-0927.png","items/lccc-0927.html","OK",""
"928","0928","RE-002738","images/0901-1000/LCCC-0928.png","items/lccc-0928.html","OK",""
"929","0929","RE-002739","images/0901-1000/LCCC-0929.png","items/lccc-0929.html","OK",""
"930","0930","RE-002740","images/0901-1000/LCCC-0930.png","items/lccc-0930.html","OK",""
"931","0931","RE-002741","images/0901-1000/LCCC-0931.png","items/lccc-0931.html","OK",""
"932","0932","RE-002742","images/0901-1000/LCCC-0932.png","items/lccc-0932.html","OK",""
"933","0933","RE-002743","images/0901-1000/LCCC-0933.png","items/lccc-0933.html","OK",""
"934","0934","RE-002744","images/0901-1000/LCCC-0934.png","items/lccc-0934.html","OK",""
"935","0935","RE-002745","images/0901-1000/LCCC-0935.png","items/lccc-0935.html","OK",""
"936","0936","RE-002746","images/0901-1000/LCCC-0936.png","items/lccc-0936.html","OK",""
"937","0937","RE-002747","images/0901-1000/LCCC-0937.png","items/lccc-0937.html","OK",""
"938","0938","RE-002748","images/0901-1000/LCCC-0938.png","items/lccc-0938.html","OK",""
"939","0939","RE-002749","images/0901-1000/LCCC-0939.png","items/lccc-0939.html","OK",""
"940","0940","RE-002750","images/0901-1000/LCCC-0940.png","items/lccc-0940.html","OK",""
"941","0941","RE-002751","images/0901-1000/LCCC-0941.png","items/lccc-0941.html","OK",""
"942","0942","RE-002752","images/0901-1000/LCCC-0942.png","items/lccc-0942.html","OK",""
"943","0943","RE-002753","images/0901-1000/LCCC-0943.png","items/lccc-0943.html","OK",""
"944","0944","RE-002754","images/0901-1000/LCCC-0944.png","items/lccc-0944.html","OK",""
"945","0945","RE-002755","images/0901-1000/LCCC-0945.png","items/lccc-0945.html","OK",""
"946","0946","RE-002756","","items/lccc-0946.html","MISSING SOURCE IMAGE","No source image found for token #0946"
"947","0947","RE-002757","images/0901-1000/LCCC-0947.png","items/lccc-0947.html","OK",""
"948","0948","RE-002758","images/0901-1000/LCCC-0948.png","items/lccc-0948.html","OK",""
"949","0949","RE-002759","images/0901-1000/LCCC-0949.png","items/lccc-0949.html","OK",""
"950","0950","RE-002760","images/0901-1000/LCCC-0950.png","items/lccc-0950.html","OK",""
"951","0951","RE-002761","images/0901-1000/LCCC-0951.png","items/lccc-0951.html","OK",""
"952","0952","RE-002762","images/0901-1000/LCCC-0952.png","items/lccc-0952.html","OK",""
"953","0953","RE-002763","images/0901-1000/LCCC-0953.png","items/lccc-0953.html","OK",""
"954","0954","RE-002764","","items/lccc-0954.html","MISSING SOURCE IMAGE","No source image found for token #0954"
"955","0955","RE-002765","","items/lccc-0955.html","MISSING SOURCE IMAGE","No source image found for token #0955"
"956","0956","RE-002766","images/0901-1000/LCCC-0956.png","items/lccc-0956.html","OK",""
"957","0957","RE-002767","images/0901-1000/LCCC-0957.png","items/lccc-0957.html","OK",""
"958","0958","RE-002768","","items/lccc-0958.html","MISSING SOURCE IMAGE","No source image found for token #0958"
"959","0959","RE-002769","images/0901-1000/LCCC-0959.png","items/lccc-0959.html","OK",""
"960","0960","RE-002770","images/0901-1000/LCCC-0960.png","items/lccc-0960.html","OK",""
"961","0961","RE-002771","images/0901-1000/LCCC-0961.png","items/lccc-0961.html","OK",""
"962","0962","RE-002772","","items/lccc-0962.html","MISSING SOURCE IMAGE","No source image found for token #0962"
"963","0963","RE-002773","images/0901-1000/LCCC-0963.png","items/lccc-0963.html","OK",""
"964","0964","RE-002774","images/0901-1000/LCCC-0964.png","items/lccc-0964.html","OK",""
"965","0965","RE-002775","images/0901-1000/LCCC-0965.png","items/lccc-0965.html","OK",""
"966","0966","RE-002776","images/0901-1000/LCCC-0966.png","items/lccc-0966.html","OK",""
"967","0967","RE-002777","images/0901-1000/LCCC-0967.png","items/lccc-0967.html","OK",""
"968","0968","RE-002778","images/0901-1000/LCCC-0968.png","items/lccc-0968.html","OK",""
"969","0969","RE-002779","","items/lccc-0969.html","MISSING SOURCE IMAGE","No source image found for token #0969"
"970","0970","RE-002780","images/0901-1000/LCCC-0970.png","items/lccc-0970.html","OK",""
"971","0971","RE-002781","","items/lccc-0971.html","MISSING SOURCE IMAGE","No source image found for token #0971"
"972","0972","RE-002782","images/0901-1000/LCCC-0972.png","items/lccc-0972.html","OK",""
"973","0973","RE-002783","images/0901-1000/LCCC-0973.png","items/lccc-0973.html","OK",""
"974","0974","RE-002784","images/0901-1000/LCCC-0974.png","items/lccc-0974.html","OK",""
"975","0975","RE-002785","","items/lccc-0975.html","MISSING SOURCE IMAGE","No source image found for token #0975"
"976","0976","RE-002786","images/0901-1000/LCCC-0976.png","items/lccc-0976.html","OK",""
"977","0977","RE-002787","images/0901-1000/LCCC-0977.png","items/lccc-0977.html","OK",""
"978","0978","RE-002788","images/0901-1000/LCCC-0978.png","items/lccc-0978.html","OK",""
"979","0979","RE-002789","images/0901-1000/LCCC-0979.png","items/lccc-0979.html","OK",""
"980","0980","RE-002790","images/0901-1000/LCCC-0980.png","items/lccc-0980.html","OK",""
"981","0981","RE-002791","images/0901-1000/LCCC-0981.png","items/lccc-0981.html","OK",""
"982","0982","RE-002792","images/0901-1000/LCCC-0982.png","items/lccc-0982.html","OK",""
"983","0983","RE-002793","images/0901-1000/LCCC-0983.png","items/lccc-0983.html","OK",""
"984","0984","RE-002794","","items/lccc-0984.html","MISSING SOURCE IMAGE","No source image found for token #0984"
"985","0985","RE-002795","images/0901-1000/LCCC-0985.png","items/lccc-0985.html","OK",""
"986","0986","RE-002796","images/0901-1000/LCCC-0986.png","items/lccc-0986.html","OK",""
"987","0987","RE-002797","images/0901-1000/LCCC-0987.png","items/lccc-0987.html","OK",""
"988","0988","RE-002798","images/0901-1000/LCCC-0988.png","items/lccc-0988.html","OK",""
"989","0989","RE-002799","images/0901-1000/LCCC-0989.png","items/lccc-0989.html","OK",""
"990","0990","RE-002800","images/0901-1000/LCCC-0990.png","items/lccc-0990.html","OK",""
"991","0991","RE-002801","images/0901-1000/LCCC-0991.png","items/lccc-0991.html","OK",""
"992","0992","RE-002802","images/0901-1000/LCCC-0992.png","items/lccc-0992.html","OK",""
"993","0993","RE-002803","images/0901-1000/LCCC-0993.png","items/lccc-0993.html","OK",""
"994","0994","RE-002804","images/0901-1000/LCCC-0994.png","items/lccc-0994.html","OK",""
"995","0995","RE-002805","images/0901-1000/LCCC-0995.png","items/lccc-0995.html","OK",""
"996","0996","RE-002806","images/0901-1000/LCCC-0996.png","items/lccc-0996.html","OK",""
"997","0997","RE-002807","images/0901-1000/LCCC-0997.png","items/lccc-0997.html","OK",""
"998","0998","RE-002808","images/0901-1000/LCCC-0998.png","items/lccc-0998.html","OK",""
"999","0999","RE-002809","images/0901-1000/LCCC-0999.png","items/lccc-0999.html","OK",""
"1000","1000","RE-002810","images/0901-1000/LCCC-1000.png","items/lccc-1000.html","OK",""
